StartTime,EndTime,Confidence
0.001,3,0.287
0.201,3.2,0.30001
0.401,3.4,0.31136
0.601,3.6,0.30819
0.801,3.8,0.30007
1.001,4,0.32552
1.201,4.2,0.31605
1.401,4.4,0.36917
1.601,4.6,0.46558
1.801,4.8,0.42207
2.001,5,0.96459
2.201,5.2,0.23175
2.401,5.4,0.23264
2.601,5.6,0.20447
2.801,5.8,0.2478
3.001,6,0.26079
3.201,6.2,0.21931
3.401,6.4,0.21642
3.601,6.6,0.20164
3.801,6.8,0.1966
4.001,7,0.12242
4.201,7.2,0.16104
4.401,7.4,0.14827
4.601,7.6,0.16431
4.801,7.8,0.22442
5.001,8,0.22264
5.201,8.2,0.24821
5.401,8.4,0.21875
5.601,8.6,0.20568
5.801,8.8,0.18291
6.001,9,0.1803
6.201,9.2,0.18025
6.401,9.4,0.18297
6.601,9.6,0.18002
6.801,9.8,0.2142
7.001,10,0.18915
7.201,10.2,0.23644
7.401,10.4,0.18555
7.601,10.6,0.14136
7.801,10.8,0.15881
8.001,11,0.13194
8.201,11.2,0.13613
8.401,11.4,0.13452
8.601,11.6,0.15542
8.801,11.8,0.14823
9.001,12,0.15819
9.201,12.2,0.12187
9.401,12.4,0.1371
9.601,12.6,0.13168
9.801,12.8,0.14691
10.001,13,0.11468
10.201,13.2,0.13534
10.401,13.4,0.17634
10.601,13.6,0.19563
10.801,13.8,0.23574
11.001,14,0.21308
11.201,14.2,0.13221
11.401,14.4,0.18133
11.601,14.6,0.16647
11.801,14.8,0.1678
12.001,15,0.19632
12.201,15.2,0.15021
12.401,15.4,0.14091
12.601,15.6,0.13701
12.801,15.8,0.17292
13.001,16,0.11694
13.201,16.2,0.086494
13.401,16.4,0.021167
13.601,16.6,0.011036
13.801,16.8,0.019754
14.001,17,0.083419
14.201,17.2,0.12479
14.401,17.4,0.16262
14.601,17.6,0.10208
14.801,17.8,0.10033
15.001,18,0.076661
15.201,18.2,0.03564
15.401,18.4,0.075712
15.601,18.6,0.0058864
15.801,18.8,0.057428
16.001,19,0.034007
16.201,19.2,0.042607
16.401,19.4,0.079975
16.601,19.6,0.061323
16.801,19.8,0.040313
17.001,20,0.12085
17.201,20.2,0.094859
17.401,20.4,0.10209
17.601,20.6,0.1203
17.801,20.8,0.070317
18.001,21,0.063567
18.201,21.2,0.089785
18.401,21.4,0.093709
18.601,21.6,0.036376
18.801,21.8,0.05926
19.001,22,0.020645
19.201,22.2,0.0017068
19.401,22.4,0.015897
19.601,22.6,0.074744
19.801,22.8,0.15489
20.001,23,0.15295
20.201,23.2,0.20678
20.401,23.4,0.20973
20.601,23.6,0.15954
20.801,23.8,0.2471
21.001,24,0.24303
21.201,24.2,0.24743
21.401,24.4,0.25238
21.601,24.6,0.23854
21.801,24.8,0.19394
22.001,25,0.19699
22.201,25.2,0.13655
22.401,25.4,0.14983
22.601,25.6,0.11769
22.801,25.8,0.093219
23.001,26,0.10505
23.201,26.2,0.088601
23.401,26.4,0.087505
23.601,26.6,0.082306
23.801,26.8,0.090488
24.001,27,0.08758
24.201,27.2,0.085147
24.401,27.4,0.093485
24.601,27.6,0.095704
24.801,27.8,0.10208
25.001,28,0.10118
25.201,28.2,0.09243
25.401,28.4,0.097942
25.601,28.6,0.094004
25.801,28.8,0.088027
26.001,29,0.10021
26.201,29.2,0.094586
26.401,29.4,0.083253
26.601,29.6,0.10032
26.801,29.8,0.09093
27.001,30,0.068838
27.201,30.2,0.082211
27.401,30.4,0.071947
27.601,30.6,0.066695
27.801,30.8,0.066758
28.001,31,0.062474
28.201,31.2,0.065886
28.401,31.4,0.082074
28.601,31.6,0.090972
28.801,31.8,0.062663
29.001,32,0.087279
29.201,32.2,0.089375
29.401,32.4,0.096455
29.601,32.6,0.070434
29.801,32.8,0.11801
30.001,33,0.08626
30.201,33.2,0.1185
30.401,33.4,0.14905
30.601,33.6,0.15949
30.801,33.8,0.19493
31.001,34,0.20354
31.201,34.2,0.18
31.401,34.4,0.15575
31.601,34.6,0.2356
31.801,34.8,0.20055
32.001,35,0.19601
32.201,35.2,0.1405
32.401,35.4,0.062298
32.601,35.6,0.088601
32.801,35.8,0.082677
33.001,36,0.056342
33.201,36.2,0.045284
33.401,36.4,0.0063916
33.601,36.6,0.037769
33.801,36.8,0.078964
34.001,37,0.018154
34.201,37.2,0.11015
34.401,37.4,0.089315
34.601,37.6,0.10325
34.801,37.8,0.17663
35.001,38,0.27537
35.201,38.2,0.33783
35.401,38.4,0.28604
35.601,38.6,0.272
35.801,38.8,0.20337
36.001,39,0.2388
36.201,39.2,0.22209
36.401,39.4,0.2555
36.601,39.6,0.28219
36.801,39.8,0.17832
37.001,40,0.071673
37.201,40.2,0.070903
37.401,40.4,0.044637
37.601,40.6,0.051201
37.801,40.8,0.01622
38.001,41,0.021423
38.201,41.2,0.041528
38.401,41.4,0.051158
38.601,41.6,0.059634
38.801,41.8,0.04472
39.001,42,0.0018702
39.201,42.2,0.023313
39.401,42.4,0.020185
39.601,42.6,0.045986
39.801,42.8,0.094644
40.001,43,0.21591
40.201,43.2,0.21929
40.401,43.4,0.24628
40.601,43.6,0.33275
40.801,43.8,0.26173
41.001,44,0.26208
41.201,44.2,0.23407
41.401,44.4,0.22177
41.601,44.6,0.23819
41.801,44.8,0.25625
42.001,45,0.18813
42.201,45.2,0.16509
42.401,45.4,0.15529
42.601,45.6,0.19088
42.801,45.8,0.14376
43.001,46,0.15334
43.201,46.2,0.16203
43.401,46.4,0.15047
43.601,46.6,0.17741
43.801,46.8,0.25067
44.001,47,0.26662
44.201,47.2,0.2953
44.401,47.4,0.29406
44.601,47.6,0.27553
44.801,47.8,0.30196
45.001,48,0.33007
45.201,48.2,0.27214
45.401,48.4,0.30067
45.601,48.6,0.27989
45.801,48.8,0.25199
46.001,49,0.26485
46.201,49.2,0.26508
46.401,49.4,0.18671
46.601,49.6,0.22484
46.801,49.8,0.25626
47.001,50,0.20157
47.201,50.2,0.19281
47.401,50.4,0.19601
47.601,50.6,0.14952
47.801,50.8,0.14776
48.001,51,0.14214
48.201,51.2,0.18298
48.401,51.4,0.18331
48.601,51.6,0.23178
48.801,51.8,0.15961
49.001,52,0.17293
49.201,52.2,0.15894
49.401,52.4,0.14257
49.601,52.6,0.14894
49.801,52.8,0.13876
50.001,53,0.11482
50.201,53.2,0.11223
50.401,53.4,0.19509
50.601,53.6,0.21677
50.801,53.8,0.1965
51.001,54,0.15071
51.201,54.2,0.099278
51.401,54.4,0.14449
51.601,54.6,0.14234
51.801,54.8,0.12819
52.001,55,0.1212
52.201,55.2,0.14617
52.401,55.4,0.15436
52.601,55.6,0.17393
52.801,55.8,0.13429
53.001,56,0.10481
53.201,56.2,0.089988
53.401,56.4,0.10178
53.601,56.6,0.091625
53.801,56.8,0.13179
54.001,57,0.15172
54.201,57.2,0.16177
54.401,57.4,0.2261
54.601,57.6,0.33067
54.801,57.8,0.29919
55.001,58,0.19149
55.201,58.2,0.22555
55.401,58.4,0.08979
55.601,58.6,0.26773
55.801,58.8,0.26609
56.001,59,0.33656
56.201,59.2,0.21682
56.401,59.4,0.20085
56.601,59.6,0.037335
56.801,59.8,0.004955
57.001,60,0.072124
57.201,60.2,0.056068
57.401,60.4,0.058488
57.601,60.6,0.0021586
57.801,60.8,0.00025419
58.001,61,0.0001122
58.201,61.2,0.034648
58.401,61.4,0.021137
58.601,61.6,0.044657
58.801,61.8,0.03671
59.001,62,0.013075
59.201,62.2,0.034364
59.401,62.4,0.094567
59.601,62.6,0.090276
59.801,62.8,0.08952
60.001,63,0.074171
60.201,63.2,0.050492
60.401,63.4,0.046205
60.601,63.6,0.047534
60.801,63.8,0.072691
61.001,64,0.093258
61.201,64.2,0.092909
61.401,64.4,0.086269
61.601,64.6,0.09364
61.801,64.8,0.11626
62.001,65,0.12101
62.201,65.2,0.11925
62.401,65.4,0.1787
62.601,65.6,0.22801
62.801,65.8,0.28708
63.001,66,0.2996
63.201,66.2,0.30167
63.401,66.4,0.36724
63.601,66.6,0.29454
63.801,66.8,0.2878
64.001,67,0.28451
64.201,67.2,0.34321
64.401,67.4,0.3429
64.601,67.6,0.33367
64.801,67.8,0.33559
65.001,68,0.30977
65.201,68.2,0.29987
65.401,68.4,0.25229
65.601,68.6,0.24456
65.801,68.8,0.26049
66.001,69,0.24154
66.201,69.2,0.29066
66.401,69.4,0.3826
66.601,69.6,0.42079
66.801,69.8,0.41356
67.001,70,0.35145
67.201,70.2,0.36602
67.401,70.4,0.40375
67.601,70.6,0.40272
67.801,70.8,0.41662
68.001,71,0.45025
68.201,71.2,0.3871
68.401,71.4,0.43143
68.601,71.6,0.3699
68.801,71.8,0.4893
69.001,72,0.44128
69.201,72.2,0.28204
69.401,72.4,0.29266
69.601,72.6,0.26155
69.801,72.8,0.26889
70.001,73,0.24512
70.201,73.2,0.1814
70.401,73.4,0.16927
70.601,73.6,0.14151
70.801,73.8,0.11037
71.001,74,0.1797
71.201,74.2,0.19234
71.401,74.4,0.19152
71.601,74.6,0.16844
71.801,74.8,0.14723
72.001,75,0.16672
72.201,75.2,0.15114
72.401,75.4,0.15296
72.601,75.6,0.15715
72.801,75.8,0.16184
73.001,76,0.19226
73.201,76.2,0.16598
73.401,76.4,0.14808
73.601,76.6,0.14632
73.801,76.8,0.14
74.001,77,0.10176
74.201,77.2,0.12905
74.401,77.4,0.16665
74.601,77.6,0.15341
74.801,77.8,0.15407
75.001,78,0.11642
75.201,78.2,0.10066
75.401,78.4,0.086884
75.601,78.6,0.093732
75.801,78.8,0.074193
76.001,79,0.080615
76.201,79.2,0.080258
76.401,79.4,0.073125
76.601,79.6,0.074691
76.801,79.8,0.10278
77.001,80,0.094539
77.201,80.2,0.068961
77.401,80.4,0.066029
77.601,80.6,0.072569
77.801,80.8,0.11842
78.001,81,0.12456
78.201,81.2,0.13471
78.401,81.4,0.17689
78.601,81.6,0.12779
78.801,81.8,0.14252
79.001,82,0.1924
79.201,82.2,0.22308
79.401,82.4,0.21505
79.601,82.6,0.20587
79.801,82.8,0.20825
80.001,83,0.22679
80.201,83.2,0.24931
80.401,83.4,0.2162
80.601,83.6,0.21858
80.801,83.8,0.24142
81.001,84,0.24042
81.201,84.2,0.23592
81.401,84.4,0.23049
81.601,84.6,0.22952
81.801,84.8,0.24663
82.001,85,0.26731
82.201,85.2,0.24995
82.401,85.4,0.26992
82.601,85.6,0.31821
82.801,85.8,0.35738
83.001,86,0.34688
83.201,86.2,0.40778
83.401,86.4,0.3454
83.601,86.6,0.33393
83.801,86.8,0.29651
84.001,87,0.28075
84.201,87.2,0.43915
84.401,87.4,0.30843
84.601,87.6,0.4087
84.801,87.8,0.4458
85.001,88,0.50535
85.201,88.2,0.49052
85.401,88.4,0.45611
85.601,88.6,0.50998
85.801,88.8,0.5291
86.001,89,0.49324
86.201,89.2,0.43829
86.401,89.4,0.43362
86.601,89.6,0.47715
86.801,89.8,0.44683
87.001,90,0.27173
87.201,90.2,0.23898
87.401,90.4,0.25371
87.601,90.6,0.23395
87.801,90.8,0.22634
88.001,91,0.25731
88.201,91.2,0.27012
88.401,91.4,0.15627
88.601,91.6,0.15358
88.801,91.8,0.14863
89.001,92,0.23826
89.201,92.2,0.24528
89.401,92.4,0.21842
89.601,92.6,0.23694
89.801,92.8,0.17903
90.001,93,0.34275
90.201,93.2,0.31284
90.401,93.4,0.31944
90.601,93.6,0.34347
90.801,93.8,0.32712
91.001,94,0.2682
91.201,94.2,0.24302
91.401,94.4,0.20791
91.601,94.6,0.23474
91.801,94.8,0.17954
92.001,95,0.16196
92.201,95.2,0.16628
92.401,95.4,0.1345
92.601,95.6,0.21189
92.801,95.8,0.16294
93.001,96,0.16286
93.201,96.2,0.18264
93.401,96.4,0.15586
93.601,96.6,0.12327
93.801,96.8,0.13922
94.001,97,0.078931
94.201,97.2,0.15606
94.401,97.4,0.15843
94.601,97.6,0.15074
94.801,97.8,0.16674
95.001,98,0.15397
95.201,98.2,0.15162
95.401,98.4,0.077236
95.601,98.6,0.090433
95.801,98.8,0.090488
96.001,99,0.089922
96.201,99.2,0.12329
96.401,99.4,0.14651
96.601,99.6,0.17522
96.801,99.8,0.1797
97.001,100,0.20414
97.201,100.2,0.21685
97.401,100.4,0.1954
97.601,100.6,0.20203
97.801,100.8,0.17395
98.001,101,0.18028
98.201,101.2,0.19749
98.401,101.4,0.17419
98.601,101.6,0.18555
98.801,101.8,0.18636
99.001,102,0.13494
99.201,102.2,0.13726
99.401,102.4,0.11057
99.601,102.6,0.11335
99.801,102.8,0.08569
100,103,0.09732
100.2,103.2,0.088504
100.4,103.4,0.10174
100.6,103.6,0.077281
100.8,103.8,0.17369
101,104,0.18036
101.2,104.2,0.1544
101.4,104.4,0.16013
101.6,104.6,0.14419
101.8,104.8,0.13043
102,105,0.12483
102.2,105.2,0.13122
102.4,105.4,0.079394
102.6,105.6,0.061343
102.8,105.8,0.084459
103,106,0.093617
103.2,106.2,0.074023
103.4,106.4,0.057956
103.6,106.6,0.076436
103.8,106.8,0.062452
104,107,0.091807
104.2,107.2,0.085547
104.4,107.4,0.093024
104.6,107.6,0.095962
104.8,107.8,0.087393
105,108,0.082524
105.2,108.2,0.085766
105.4,108.4,0.11971
105.6,108.6,0.10233
105.8,108.8,0.10467
106,109,0.10007
106.2,109.2,0.093427
106.4,109.4,0.09998
106.6,109.6,0.095008
106.8,109.8,0.11084
107,110,0.095144
107.2,110.2,0.10254
107.4,110.4,0.095823
107.6,110.6,0.091629
107.8,110.8,0.089202
108,111,0.090663
108.2,111.2,0.096435
108.4,111.4,0.10213
108.6,111.6,0.091386
108.8,111.8,0.087194
109,112,0.10848
109.2,112.2,0.098831
109.4,112.4,0.10956
109.6,112.6,0.10373
109.8,112.8,0.10828
110,113,0.083336
110.2,113.2,0.086612
110.4,113.4,0.072716
110.6,113.6,0.11843
110.8,113.8,0.13066
111,114,0.085955
111.2,114.2,0.07409
111.4,114.4,0.065256
111.6,114.6,0.060169
111.8,114.8,0.040876
112,115,0.035693
112.2,115.2,0.0019221
112.4,115.4,0.036611
112.6,115.6,0.064168
112.8,115.8,0.13599
113,116,0.062184
113.2,116.2,0.0056736
113.4,116.4,0.043011
113.6,116.6,0.050549
113.8,116.8,0.10742
114,117,0.12779
114.2,117.2,0.17234
114.4,117.4,0.19045
114.6,117.6,0.18212
114.8,117.8,0.19131
115,118,0.19056
115.2,118.2,0.14796
115.4,118.4,0.084346
115.6,118.6,0.08837
115.8,118.8,0.1096
116,119,0.12475
116.2,119.2,0.12228
116.4,119.4,0.064893
116.6,119.6,0.063488
116.8,119.8,0.030263
117,120,0.032189
117.2,120.2,0.021229
117.4,120.4,0.070713
117.6,120.6,0.050988
117.8,120.8,0.097491
118,121,0.1118
118.2,121.2,0.21109
118.4,121.4,0.24737
118.6,121.6,0.2735
118.8,121.8,0.44842
119,122,0.4662
119.2,122.2,0.53113
119.4,122.4,0.53257
119.6,122.6,0.49672
119.8,122.8,0.60717
120,123,0.63349
120.2,123.2,0.59506
120.4,123.4,0.55546
120.6,123.6,0.50766
120.8,123.8,0.46755
121,124,0.35421
121.2,124.2,0.34643
121.4,124.4,0.31377
121.6,124.6,0.19654
121.8,124.8,0.14425
122,125,0.084894
122.2,125.2,0.11794
122.4,125.4,0.13249
122.6,125.6,0.128
122.8,125.8,0.12019
123,126,0.12572
123.2,126.2,0.11204
123.4,126.4,0.09674
123.6,126.6,0.10228
123.8,126.8,0.10547
124,127,0.12176
124.2,127.2,0.14439
124.4,127.4,0.12825
124.6,127.6,0.1333
124.8,127.8,0.17252
125,128,0.13662
125.2,128.2,0.12736
125.4,128.4,0.13369
125.6,128.6,0.17574
125.8,128.8,0.14712
126,129,0.21625
126.2,129.2,0.23879
126.4,129.4,0.23121
126.6,129.6,0.28668
126.8,129.8,0.25073
127,130,0.15787
127.2,130.2,0.13711
127.4,130.4,0.097938
127.6,130.6,0.13017
127.8,130.8,0.14613
128,131,0.13086
128.2,131.2,0.1366
128.4,131.4,0.12488
128.6,131.6,0.12545
128.8,131.8,0.1161
129,132,0.10443
129.2,132.2,0.080449
129.4,132.4,0.096567
129.6,132.6,0.079
129.8,132.8,0.097846
130,133,0.14626
130.2,133.2,0.20046
130.4,133.4,0.18506
130.6,133.6,0.21612
130.8,133.8,0.23944
131,134,0.2225
131.2,134.2,0.20468
131.4,134.4,0.23114
131.6,134.6,0.22004
131.8,134.8,0.21805
132,135,0.22216
132.2,135.2,0.24278
132.4,135.4,0.22317
132.6,135.6,0.18526
132.8,135.8,0.18337
133,136,0.14958
133.2,136.2,0.15227
133.4,136.4,0.15251
133.6,136.6,0.13122
133.8,136.8,0.064297
134,137,0.054856
134.2,137.2,0.14542
134.4,137.4,0.23774
134.6,137.6,0.33149
134.8,137.8,0.45811
135,138,0.42472
135.2,138.2,0.49065
135.4,138.4,0.69799
135.6,138.6,0.58621
135.8,138.8,0.66286
136,139,0.67642
136.2,139.2,0.64883
136.4,139.4,0.72774
136.6,139.6,0.75631
136.8,139.8,0.70704
137,140,0.56513
137.2,140.2,0.43732
137.4,140.4,0.26817
137.6,140.6,0.088069
137.8,140.8,0.014742
138,141,0.0079729
138.2,141.2,0.021572
138.4,141.4,0.065705
138.6,141.6,0.094908
138.8,141.8,0.055708
139,142,0.03938
139.2,142.2,0.039816
139.4,142.4,0.010417
139.6,142.6,0.092895
139.8,142.8,0.075614
140,143,0.14613
140.2,143.2,0.21321
140.4,143.4,0.27925
140.6,143.6,0.39533
140.8,143.8,0.5037
141,144,0.64261
141.2,144.2,0.43203
141.4,144.4,0.6054
141.6,144.6,0.55981
141.8,144.8,0.56942
142,145,0.56952
142.2,145.2,0.648
142.4,145.4,0.57614
142.6,145.6,0.58377
142.8,145.8,0.58979
143,146,0.54274
143.2,146.2,0.52777
143.4,146.4,0.53821
143.6,146.6,0.45417
143.8,146.8,0.34158
144,147,0.33659
144.2,147.2,0.33821
144.4,147.4,0.31572
144.6,147.6,0.28505
144.8,147.8,0.25233
145,148,0.27721
145.2,148.2,0.3078
145.4,148.4,0.32807
145.6,148.6,0.34042
145.8,148.8,0.34499
146,149,0.33394
146.2,149.2,0.24555
146.4,149.4,0.24837
146.6,149.6,0.21219
146.8,149.8,0.1917
147,150,0.19485
147.2,150.2,0.21072
147.4,150.4,0.21392
147.6,150.6,0.22985
147.8,150.8,0.29268
148,151,0.22509
148.2,151.2,0.23082
148.4,151.4,0.20377
148.6,151.6,0.15833
148.8,151.8,0.18413
149,152,0.21454
149.2,152.2,0.36554
149.4,152.4,0.42421
149.6,152.6,0.40747
149.8,152.8,0.41659
150,153,0.45511
150.2,153.2,0.53886
150.4,153.4,0.55
150.6,153.6,0.51023
150.8,153.8,0.46859
151,154,0.43855
151.2,154.2,0.27263
151.4,154.4,0.26813
151.6,154.6,0.31288
151.8,154.8,0.39895
152,155,0.30048
152.2,155.2,0.30521
152.4,155.4,0.29742
152.6,155.6,0.31125
152.8,155.8,0.31752
153,156,0.28001
153.2,156.2,0.31396
153.4,156.4,0.16067
153.6,156.6,0.15741
153.8,156.8,0.30654
154,157,0.32824
154.2,157.2,0.36771
154.4,157.4,0.32604
154.6,157.6,0.37491
154.8,157.8,0.32362
155,158,0.38076
155.2,158.2,0.34009
155.4,158.4,0.38656
155.6,158.6,0.374
155.8,158.8,0.40572
156,159,0.45378
156.2,159.2,0.46611
156.4,159.4,0.51644
156.6,159.6,0.50863
156.8,159.8,0.72154
157,160,0.7856
157.2,160.2,0.74955
157.4,160.4,0.66242
157.6,160.6,0.63246
157.8,160.8,0.56115
158,161,0.68847
158.2,161.2,0.60346
158.4,161.4,0.61708
158.6,161.6,0.38448
158.8,161.8,0.64206
159,162,0.5608
159.2,162.2,0.66621
159.4,162.4,0.5859
159.6,162.6,0.51597
159.8,162.8,0.29466
160,163,0.17275
160.2,163.2,0.28707
160.4,163.4,0.36937
160.6,163.6,0.53197
160.8,163.8,0.41769
161,164,0.39345
161.2,164.2,0.38436
161.4,164.4,0.33531
161.6,164.6,0.24717
161.8,164.8,0.25014
162,165,0.17811
162.2,165.2,0.14011
162.4,165.4,0.13548
162.6,165.6,0.17527
162.8,165.8,0.20285
163,166,0.2026
163.2,166.2,0.1888
163.4,166.4,0.0097625
163.6,166.6,0.014312
163.8,166.8,0.0096106
164,167,0.010164
164.2,167.2,0.081357
164.4,167.4,0.0903
164.6,167.6,0.10684
164.8,167.8,0.20603
165,168,0.20693
165.2,168.2,0.21451
165.4,168.4,0.25239
165.6,168.6,0.24684
165.8,168.8,0.2057
166,169,0.19537
166.2,169.2,0.25835
166.4,169.4,0.38398
166.6,169.6,0.49264
166.8,169.8,0.60264
167,170,0.44433
167.2,170.2,0.49823
167.4,170.4,0.40453
167.6,170.6,0.42097
167.8,170.8,0.408
168,171,0.51548
168.2,171.2,0.4701
168.4,171.4,0.52268
168.6,171.6,0.52036
168.8,171.8,0.45921
169,172,0.39584
169.2,172.2,0.29219
169.4,172.4,0.26117
169.6,172.6,0.16979
169.8,172.8,0.12722
170,173,0.11142
170.2,173.2,0.081189
170.4,173.4,0.087599
170.6,173.6,0.16636
170.8,173.8,0.2354
171,174,0.19706
171.2,174.2,0.13079
171.4,174.4,0.11332
171.6,174.6,0.2851
171.8,174.8,0.23781
172,175,0.28148
172.2,175.2,0.30999
172.4,175.4,0.47439
172.6,175.6,0.56466
172.8,175.8,0.61422
173,176,0.61253
173.2,176.2,0.60751
173.4,176.4,0.24567
173.6,176.6,0.10681
173.8,176.8,0.028811
174,177,0.080418
174.2,177.2,0.068074
174.4,177.4,0.0081121
174.6,177.6,0.060723
174.8,177.8,0.059899
175,178,0.013106
175.2,178.2,0.017227
175.4,178.4,0.030948
175.6,178.6,0.10398
175.8,178.8,0.0036937
176,179,0.03599
176.2,179.2,0.032733
176.4,179.4,0.055828
176.6,179.6,0.19234
176.8,179.8,0.10694
177,180,0.16694
177.2,180.2,0.03728
177.4,180.4,0.11695
177.6,180.6,0.08945
177.8,180.8,0.09861
178,181,0.043282
178.2,181.2,0.045222
178.4,181.4,0.053861
178.6,181.6,0.077635
178.8,181.8,0.03372
179,182,0.0010007
179.2,182.2,0.026463
179.4,182.4,0.063999
179.6,182.6,0.047807
179.8,182.8,0.10798
180,183,0.06841
180.2,183.2,0.0092129
180.4,183.4,0.069135
180.6,183.6,0.089953
180.8,183.8,0.06187
181,184,0.11961
181.2,184.2,0.10355
181.4,184.4,0.085937
181.6,184.6,0.16144
181.8,184.8,0.10627
182,185,0.12369
182.2,185.2,0.1926
182.4,185.4,0.14719
182.6,185.6,0.15009
182.8,185.8,0.16038
183,186,0.11358
183.2,186.2,0.064388
183.4,186.4,0.097922
183.6,186.6,0.18005
183.8,186.8,0.12689
184,187,0.22932
184.2,187.2,0.31127
184.4,187.4,0.3767
184.6,187.6,0.36877
184.8,187.8,0.42219
185,188,0.36997
185.2,188.2,0.44815
185.4,188.4,0.50929
185.6,188.6,0.44722
185.8,188.8,0.48607
186,189,0.50778
186.2,189.2,0.52536
186.4,189.4,0.36435
186.6,189.6,0.40082
186.8,189.8,0.30765
187,190,0.14416
187.2,190.2,0.13069
187.4,190.4,0.10066
187.6,190.6,0.15653
187.8,190.8,0.10108
188,191,0.1369
188.2,191.2,0.02089
188.4,191.4,0.064418
188.6,191.6,0.23654
188.8,191.8,0.29416
189,192,0.30294
189.2,192.2,0.36188
189.4,192.4,0.51271
189.6,192.6,0.65469
189.8,192.8,0.62945
190,193,0.78534
190.2,193.2,0.72018
190.4,193.4,0.754
190.6,193.6,0.77554
190.8,193.8,0.84179
191,194,0.78108
191.2,194.2,0.80674
191.4,194.4,0.80403
191.6,194.6,0.81389
191.8,194.8,0.83738
192,195,0.86078
192.2,195.2,0.82381
192.4,195.4,0.60396
192.6,195.6,0.53261
192.8,195.8,0.44628
193,196,0.52594
193.2,196.2,0.3925
193.4,196.4,0.3662
193.6,196.6,0.27852
193.8,196.8,0.29951
194,197,0.27149
194.2,197.2,0.18908
194.4,197.4,0.17435
194.6,197.6,0.13982
194.8,197.8,0.11159
195,198,0.081721
195.2,198.2,0.15983
195.4,198.4,0.20606
195.6,198.6,0.23388
195.8,198.8,0.18105
196,199,0.23752
196.2,199.2,0.28099
196.4,199.4,0.33004
196.6,199.6,0.31527
196.8,199.8,0.35383
197,200,0.39841
197.2,200.2,0.56083
197.4,200.4,0.65944
197.6,200.6,0.78921
197.8,200.8,0.83261
198,201,0.86459
198.2,201.2,0.88584
198.4,201.4,0.9167
198.6,201.6,0.87141
198.8,201.8,0.8088
199,202,0.75027
199.2,202.2,0.7152
199.4,202.4,0.60707
199.6,202.6,0.78246
199.8,202.8,0.77035
200,203,0.70343
200.2,203.2,0.55661
200.4,203.4,0.34424
200.6,203.6,0.14008
200.8,203.8,0.078623
201,204,0.030587
201.2,204.2,0.0081221
201.4,204.4,0.12041
201.6,204.6,0.03043
201.8,204.8,0.5321
202,205,0.22328
202.2,205.2,0.2235
202.4,205.4,0.17887
202.6,205.6,0.13962
202.8,205.8,0.066952
203,206,0.10566
203.2,206.2,0.15139
203.4,206.4,0.17851
203.6,206.6,0.19672
203.8,206.8,0.20255
204,207,0.10234
204.2,207.2,0.2465
204.4,207.4,0.25219
204.6,207.6,0.32479
204.8,207.8,0.2483
205,208,0.25501
205.2,208.2,0.27472
205.4,208.4,0.28087
205.6,208.6,0.3123
205.8,208.8,0.20347
206,209,0.24834
206.2,209.2,0.23262
206.4,209.4,0.18667
206.6,209.6,0.1838
206.8,209.8,0.2176
207,210,0.21798
207.2,210.2,0.25856
207.4,210.4,0.23583
207.6,210.6,0.20764
207.8,210.8,0.1895
208,211,0.26144
208.2,211.2,0.36557
208.4,211.4,0.27121
208.6,211.6,0.26225
208.8,211.8,0.23068
209,212,0.28895
209.2,212.2,0.31313
209.4,212.4,0.21538
209.6,212.6,0.20291
209.8,212.8,0.20164
210,213,0.24063
210.2,213.2,0.28751
210.4,213.4,0.33336
210.6,213.6,0.31531
210.8,213.8,0.2688
211,214,0.28668
211.2,214.2,0.28345
211.4,214.4,0.28196
211.6,214.6,0.35018
211.8,214.8,0.17275
212,215,0.16966
212.2,215.2,0.17181
212.4,215.4,0.032501
212.6,215.6,0.050901
212.8,215.8,0.0014518
213,216,0.04395
213.2,216.2,0.016132
213.4,216.4,0.050839
213.6,216.6,0.13816
213.8,216.8,0.20486
214,217,0.28236
214.2,217.2,0.38617
214.4,217.4,0.25312
214.6,217.6,0.29199
214.8,217.8,0.33054
215,218,0.35221
215.2,218.2,0.37284
215.4,218.4,0.36062
215.6,218.6,0.33575
215.8,218.8,0.22097
216,219,0.28454
216.2,219.2,0.3309
216.4,219.4,0.27001
216.6,219.6,0.14609
216.8,219.8,0.092561
217,220,0.25579
217.2,220.2,0.23221
217.4,220.4,0.21409
217.6,220.6,0.39768
217.8,220.8,0.50982
218,221,0.48401
218.2,221.2,0.39237
218.4,221.4,0.44809
218.6,221.6,0.27889
218.8,221.8,0.24145
219,222,0.15745
219.2,222.2,0.19204
219.4,222.4,0.092534
219.6,222.6,0.12592
219.8,222.8,0.069401
220,223,0.20568
220.2,223.2,0.2679
220.4,223.4,0.21727
220.6,223.6,0.28383
220.8,223.8,0.42327
221,224,0.36637
221.2,224.2,0.32181
221.4,224.4,0.14083
221.6,224.6,0.16172
221.8,224.8,0.12075
222,225,0.086529
222.2,225.2,0.43454
222.4,225.4,0.64578
222.6,225.6,0.74932
222.8,225.8,0.90667
223,226,0.80659
223.2,226.2,0.59339
223.4,226.4,0.62098
223.6,226.6,0.77657
223.8,226.8,0.80455
224,227,0.93916
224.2,227.2,1.059
224.4,227.4,1.2078
224.6,227.6,1.1997
224.8,227.8,1.3814
225,228,1.1577
225.2,228.2,1.0038
225.4,228.4,0.85122
225.6,228.6,0.49385
225.8,228.8,0.39451
226,229,0.29274
226.2,229.2,0.4289
226.4,229.4,0.38496
226.6,229.6,0.49878
226.8,229.8,0.59689
227,230,0.53323
227.2,230.2,0.43844
227.4,230.4,0.27603
227.6,230.6,0.22416
227.8,230.8,0.36425
228,231,0.33553
228.2,231.2,0.40678
228.4,231.4,0.8063
228.6,231.6,0.97681
228.8,231.8,1.274
229,232,1.2851
229.2,232.2,1.1428
229.4,232.4,1.1279
229.6,232.6,0.79496
229.8,232.8,0.86055
230,233,0.76765
230.2,233.2,0.56323
230.4,233.4,0.31715
230.6,233.6,0.44026
230.8,233.8,0.40825
231,234,0.30731
231.2,234.2,0.20814
231.4,234.4,0.081015
231.6,234.6,0.32348
231.8,234.8,0.58256
232,235,0.776
232.2,235.2,1.0031
232.4,235.4,0.93126
232.6,235.6,0.97942
232.8,235.8,0.90246
233,236,0.55466
233.2,236.2,0.46812
233.4,236.4,0.87961
233.6,236.6,0.93183
233.8,236.8,1.0878
234,237,0.93784
234.2,237.2,0.80492
234.4,237.4,0.49044
234.6,237.6,0.31372
234.8,237.8,0.22479
235,238,0.1898
235.2,238.2,0.17148
235.4,238.4,0.2514
235.6,238.6,0.29557
235.8,238.8,0.32847
236,239,0.36929
236.2,239.2,0.21642
236.4,239.4,0.091806
236.6,239.6,0.10276
236.8,239.8,0.053773
237,240,0.09236
237.2,240.2,0.45644
237.4,240.4,0.52504
237.6,240.6,0.51734
237.8,240.8,0.47837
238,241,0.47142
238.2,241.2,0.42937
238.4,241.4,0.70684
238.6,241.6,0.58712
238.8,241.8,0.53752
239,242,0.52086
239.2,242.2,0.55819
239.4,242.4,0.46665
239.6,242.6,0.55408
239.8,242.8,0.57162
240,243,0.33798
240.2,243.2,0.27539
240.4,243.4,0.21181
240.6,243.6,0.031064
240.8,243.8,0.20568
241,244,0.47348
241.2,244.2,0.94417
241.4,244.4,0.95012
241.6,244.6,1.0595
241.8,244.8,0.74593
242,245,0.64569
242.2,245.2,0.55636
242.4,245.4,0.48685
242.6,245.6,0.67937
242.8,245.8,0.8337
243,246,0.62961
243.2,246.2,0.85758
243.4,246.4,0.70614
243.6,246.6,0.63351
243.8,246.8,0.38971
244,247,0.12931
244.2,247.2,0.023633
244.4,247.4,0.22979
244.6,247.6,0.031212
244.8,247.8,0.15116
245,248,0.15039
245.2,248.2,0.00039259
245.4,248.4,0.13901
245.6,248.6,0.25457
245.8,248.8,0.15486
246,249,0.1703
246.2,249.2,0.44151
246.4,249.4,0.44144
246.6,249.6,0.61205
246.8,249.8,0.28313
247,250,0.484
247.2,250.2,0.26642
247.4,250.4,0.29849
247.6,250.6,0.43261
247.8,250.8,0.47092
248,251,0.76719
248.2,251.2,0.48717
248.4,251.4,0.46912
248.6,251.6,0.34116
248.8,251.8,0.4014
249,252,0.34784
249.2,252.2,0.57058
249.4,252.4,0.37535
249.6,252.6,0.47309
249.8,252.8,0.24736
250,253,0.29017
250.2,253.2,0.31911
250.4,253.4,0.44905
250.6,253.6,0.6069
250.8,253.8,0.5594
251,254,0.54644
251.2,254.2,0.6059
251.4,254.4,0.66246
251.6,254.6,0.75096
251.8,254.8,0.85079
252,255,0.85892
252.2,255.2,1.0962
252.4,255.4,1.1512
252.6,255.6,1.2257
252.8,255.8,1.0978
253,256,1.1598
253.2,256.2,1.1855
253.4,256.4,0.85864
253.6,256.6,0.66355
253.8,256.8,0.38952
254,257,0.08423
254.2,257.2,0.14463
254.4,257.4,0.056917
254.6,257.6,0.034877
254.8,257.8,0.10398
255,258,0.11008
255.2,258.2,0.15749
255.4,258.4,0.21388
255.6,258.6,0.36828
255.8,258.8,0.33926
256,259,0.3926
256.2,259.2,0.17863
256.4,259.4,0.25786
256.6,259.6,0.3185
256.8,259.8,0.2231
257,260,0.55243
257.2,260.2,0.56254
257.4,260.4,0.5649
257.6,260.6,0.55926
257.8,260.8,0.70704
258,261,0.87067
258.2,261.2,0.55707
258.4,261.4,0.28703
258.6,261.6,0.57127
258.8,261.8,0.58688
259,262,0.69418
259.2,262.2,0.6729
259.4,262.4,0.64562
259.6,262.6,0.97221
259.8,262.8,0.75474
260,263,0.59367
260.2,263.2,0.78847
260.4,263.4,0.78968
260.6,263.6,0.74032
260.8,263.8,0.68989
261,264,0.69944
261.2,264.2,0.70768
261.4,264.4,0.61202
261.6,264.6,0.60607
261.8,264.8,0.24789
262,265,0.105
262.2,265.2,0.14863
262.4,265.4,0.11055
262.6,265.6,0.31414
262.8,265.8,0.25852
263,266,0.59054
263.2,266.2,0.82306
263.4,266.4,0.64645
263.6,266.6,0.45541
263.8,266.8,0.40154
264,267,0.39034
264.2,267.2,0.25852
264.4,267.4,0.3219
264.6,267.6,0.38935
264.8,267.8,0.24855
265,268,0.47265
265.2,268.2,0.49083
265.4,268.4,0.41315
265.6,268.6,0.48878
265.8,268.8,0.43048
266,269,0.34858
266.2,269.2,0.53467
266.4,269.4,0.65883
266.6,269.6,0.71286
266.8,269.8,0.71681
267,270,0.74017
267.2,270.2,0.58709
267.4,270.4,0.39223
267.6,270.6,0.23046
267.8,270.8,0.05627
268,271,0.13443
268.2,271.2,0.10018
268.4,271.4,0.019023
268.6,271.6,0.0477
268.8,271.8,0.099203
269,272,0.0735
269.2,272.2,0.001746
269.4,272.4,0.078722
269.6,272.6,0.22089
269.8,272.8,0.19955
270,273,0.26353
270.2,273.2,0.44993
270.4,273.4,0.47278
270.6,273.6,0.49502
270.8,273.8,0.25669
271,274,0.17529
271.2,274.2,0.13834
271.4,274.4,0.043286
271.6,274.6,0.0091697
271.8,274.8,0.14026
272,275,0.005001
272.2,275.2,0.17431
272.4,275.4,0.31467
272.6,275.6,0.39054
272.8,275.8,0.45976
273,276,0.87263
273.2,276.2,0.88318
273.4,276.4,0.91773
273.6,276.6,0.71477
273.8,276.8,1.24
274,277,1.3683
274.2,277.2,1.3361
274.4,277.4,1.2927
274.6,277.6,1.3266
274.8,277.8,1.4451
275,278,1.3588
275.2,278.2,1.5091
275.4,278.4,1.4251
275.6,278.6,1.2304
275.8,278.8,1.1407
276,279,1.0275
276.2,279.2,0.99872
276.4,279.4,0.95546
276.6,279.6,0.9011
276.8,279.8,0.95083
277,280,1.0482
277.2,280.2,1.1984
277.4,280.4,1.1786
277.6,280.6,1.196
277.8,280.8,1.1707
278,281,0.88451
278.2,281.2,0.77426
278.4,281.4,0.78111
278.6,281.6,0.76684
278.8,281.8,0.68909
279,282,0.64137
279.2,282.2,0.47207
279.4,282.4,0.504
279.6,282.6,0.20163
279.8,282.8,0.34512
280,283,0.26194
280.2,283.2,0.31516
280.4,283.4,0.7653
280.6,283.6,0.88835
280.8,283.8,0.6125
281,284,0.45998
281.2,284.2,0.31137
281.4,284.4,0.20395
281.6,284.6,0.080081
281.8,284.8,0.088501
282,285,0.087354
282.2,285.2,0.1982
282.4,285.4,0.03949
282.6,285.6,0.089986
282.8,285.8,0.053799
283,286,0.18846
283.2,286.2,0.17755
283.4,286.4,0.28163
283.6,286.6,0.23058
283.8,286.8,0.032615
284,287,0.030735
284.2,287.2,0.071839
284.4,287.4,0.13091
284.6,287.6,0.25103
284.8,287.8,0.37466
285,288,0.49111
285.2,288.2,0.5705
285.4,288.4,0.27514
285.6,288.6,0.20394
285.8,288.8,0.50136
286,289,0.35754
286.2,289.2,0.035039
286.4,289.4,0.37693
286.6,289.6,0.53996
286.8,289.8,0.60681
287,290,0.80375
287.2,290.2,0.72309
287.4,290.4,0.69376
287.6,290.6,0.71286
287.8,290.8,0.74085
288,291,0.85665
288.2,291.2,0.72879
288.4,291.4,0.66729
288.6,291.6,0.66369
288.8,291.8,0.79078
289,292,0.85973
289.2,292.2,0.75401
289.4,292.4,0.8831
289.6,292.6,0.61645
289.8,292.8,0.010815
290,293,0.33458
290.2,293.2,0.16677
290.4,293.4,0.28171
290.6,293.6,0.50201
290.8,293.8,0.33884
291,294,0.29546
291.2,294.2,0.29134
291.4,294.4,0.37113
291.6,294.6,0.18316
291.8,294.8,0.31119
292,295,0.19759
292.2,295.2,0.017396
292.4,295.4,0.10474
292.6,295.6,0.022541
292.8,295.8,0.04337
293,296,0.15136
293.2,296.2,0.14958
293.4,296.4,0.42917
293.6,296.6,0.32889
293.8,296.8,0.37407
294,297,0.42074
294.2,297.2,0.18667
294.4,297.4,0.0792
294.6,297.6,0.0045359
294.8,297.8,0.01473
295,298,0.058085
295.2,298.2,0.053389
295.4,298.4,0.081827
295.6,298.6,0.089745
295.8,298.8,0.22362
296,299,0.5092
296.2,299.2,0.5098
296.4,299.4,0.42219
296.6,299.6,0.4184
296.8,299.8,0.27183
297,300,0.039779
297.2,300.2,0.057416
297.4,300.4,0.27498
297.6,300.6,0.28042
297.8,300.8,0.27262
298,301,0.61456
298.2,301.2,0.76517
298.4,301.4,0.56009
298.6,301.6,0.63076
298.8,301.8,0.80938
299,302,0.5584
299.2,302.2,0.58549
299.4,302.4,0.50307
299.6,302.6,0.78506
299.8,302.8,0.86222
300,303,0.84453
300.2,303.2,0.83105
300.4,303.4,0.96827
300.6,303.6,0.74009
300.8,303.8,0.74982
301,304,0.73987
301.2,304.2,0.61489
301.4,304.4,0.39328
301.6,304.6,0.19116
301.8,304.8,0.069875
302,305,0.013146
302.2,305.2,0.17659
302.4,305.4,0.42594
302.6,305.6,0.39468
302.8,305.8,0.48755
303,306,0.34382
303.2,306.2,0.44291
303.4,306.4,0.4682
303.6,306.6,0.36677
303.8,306.8,0.4254
304,307,0.68748
304.2,307.2,0.807
304.4,307.4,0.96217
304.6,307.6,0.70167
304.8,307.8,0.61372
305,308,0.59369
305.2,308.2,0.6499
305.4,308.4,0.67501
305.6,308.6,0.49814
305.8,308.8,0.58977
306,309,0.54378
306.2,309.2,0.47404
306.4,309.4,0.81951
306.6,309.6,0.72138
306.8,309.8,0.446
307,310,0.37435
307.2,310.2,0.38675
307.4,310.4,0.52248
307.6,310.6,0.59871
307.8,310.8,0.63513
308,311,0.62375
308.2,311.2,0.67617
308.4,311.4,0.79543
308.6,311.6,0.86691
308.8,311.8,0.82376
309,312,0.93699
309.2,312.2,0.90416
309.4,312.4,0.8747
309.6,312.6,1.0353
309.8,312.8,1.0009
310,313,0.50764
310.2,313.2,0.62133
310.4,313.4,0.50586
310.6,313.6,0.36079
310.8,313.8,0.63241
311,314,0.5876
311.2,314.2,0.63864
311.4,314.4,0.76356
311.6,314.6,0.7319
311.8,314.8,0.53832
312,315,0.83974
312.2,315.2,0.84852
312.4,315.4,0.67323
312.6,315.6,0.77584
312.8,315.8,0.91506
313,316,0.85428
313.2,316.2,1.0214
313.4,316.4,0.82362
313.6,316.6,0.61905
313.8,316.8,0.34516
314,317,0.079787
314.2,317.2,0.12415
314.4,317.4,0.020042
314.6,317.6,0.31833
314.8,317.8,0.22486
315,318,0.051747
315.2,318.2,0.06103
315.4,318.4,0.11625
315.6,318.6,0.15932
315.8,318.8,0.26203
316,319,0.24688
316.2,319.2,0.19539
316.4,319.4,0.073616
316.6,319.6,0.10596
316.8,319.8,0.15753
317,320,0.033429
317.2,320.2,0.097963
317.4,320.4,0.075916
317.6,320.6,0.025373
317.8,320.8,0.026625
318,321,0.40186
318.2,321.2,0.33883
318.4,321.4,0.51297
318.6,321.6,0.53787
318.8,321.8,0.56718
319,322,0.39561
319.2,322.2,0.34384
319.4,322.4,0.21164
319.6,322.6,0.14088
319.8,322.8,0.085643
320,323,0.26079
320.2,323.2,0.008842
320.4,323.4,0.054516
320.6,323.6,0.149
320.8,323.8,0.0668
321,324,0.077298
321.2,324.2,0.089355
321.4,324.4,0.15486
321.6,324.6,0.15551
321.8,324.8,0.40691
322,325,0.30484
322.2,325.2,0.42666
322.4,325.4,0.62074
322.6,325.6,0.54648
322.8,325.8,0.39431
323,326,0.43511
323.2,326.2,0.48716
323.4,326.4,0.5526
323.6,326.6,0.43877
323.8,326.8,0.57345
324,327,0.55099
324.2,327.2,0.5352
324.4,327.4,0.64094
324.6,327.6,0.64412
324.8,327.8,0.81182
325,328,0.85934
325.2,328.2,0.9582
325.4,328.4,0.86998
325.6,328.6,1.0183
325.8,328.8,1.1954
326,329,1.2233
326.2,329.2,1.2229
326.4,329.4,1.4836
326.6,329.6,1.4626
326.8,329.8,1.2263
327,330,1.3729
327.2,330.2,1.1354
327.4,330.4,1.0441
327.6,330.6,1.1191
327.8,330.8,1.0865
328,331,0.91423
328.2,331.2,0.95937
328.4,331.4,0.93894
328.6,331.6,0.78786
328.8,331.8,0.53811
329,332,0.14692
329.2,332.2,0.099769
329.4,332.4,0.1042
329.6,332.6,0.078883
329.8,332.8,0.034192
330,333,0.12854
330.2,333.2,0.096834
330.4,333.4,0.048356
330.6,333.6,0.0029481
330.8,333.8,0.040855
331,334,0.047083
331.2,334.2,0.078964
331.4,334.4,0.059509
331.6,334.6,0.11801
331.8,334.8,0.31379
332,335,0.31273
332.2,335.2,0.28355
332.4,335.4,0.17206
332.6,335.6,0.20772
332.8,335.8,0.08302
333,336,0.1069
333.2,336.2,0.21668
333.4,336.4,0.3296
333.6,336.6,0.52339
333.8,336.8,0.60484
334,337,0.65113
334.2,337.2,0.6666
334.4,337.4,0.52746
334.6,337.6,0.77323
334.8,337.8,0.61206
335,338,0.69134
335.2,338.2,0.68721
335.4,338.4,0.63186
335.6,338.6,0.9313
335.8,338.8,1.2219
336,339,1.3163
336.2,339.2,1.2446
336.4,339.4,1.2516
336.6,339.6,1.2224
336.8,339.8,1.1128
337,340,1.02
337.2,340.2,1.0046
337.4,340.4,0.83863
337.6,340.6,0.93072
337.8,340.8,0.88828
338,341,0.8983
338.2,341.2,0.88159
338.4,341.4,0.64351
338.6,341.6,0.12706
338.8,341.8,0.1855
339,342,0.18998
339.2,342.2,0.26132
339.4,342.4,0.45184
339.6,342.6,0.46305
339.8,342.8,0.34456
340,343,0.32951
340.2,343.2,0.26416
340.4,343.4,0.34649
340.6,343.6,0.2901
340.8,343.8,0.38143
341,344,0.38727
341.2,344.2,0.20653
341.4,344.4,0.15964
341.6,344.6,0.19015
341.8,344.8,0.29936
342,345,0.39818
342.2,345.2,0.18134
342.4,345.4,0.19815
342.6,345.6,0.05666
342.8,345.8,0.052708
343,346,0.0087499
343.2,346.2,0.10898
343.4,346.4,0.23646
343.6,346.6,0.3446
343.8,346.8,0.32849
344,347,0.44683
344.2,347.2,0.51195
344.4,347.4,0.69456
344.6,347.6,0.75323
344.8,347.8,0.95605
345,348,1.141
345.2,348.2,1.2062
345.4,348.4,1.2614
345.6,348.6,1.4812
345.8,348.8,1.516
346,349,1.3081
346.2,349.2,1.2294
346.4,349.4,1.4076
346.6,349.6,1.4755
346.8,349.8,1.4735
347,350,1.3703
347.2,350.2,1.4011
347.4,350.4,1.1328
347.6,350.6,1.0977
347.8,350.8,1.0133
348,351,1.0035
348.2,351.2,1.1054
348.4,351.4,1.06
348.6,351.6,1.0481
348.8,351.8,1.0131
349,352,1.0227
349.2,352.2,1.0056
349.4,352.4,0.89562
349.6,352.6,0.89164
349.8,352.8,0.74349
350,353,0.72149
350.2,353.2,0.93913
350.4,353.4,0.88555
350.6,353.6,0.82188
350.8,353.8,0.29433
351,354,0.14473
351.2,354.2,0.16754
351.4,354.4,0.88692
351.6,354.6,1.2239
351.8,354.8,1.0252
352,355,0.89529
352.2,355.2,1.0199
352.4,355.4,1.1709
352.6,355.6,1.1539
352.8,355.8,1.1003
353,356,1.1148
353.2,356.2,1.0183
353.4,356.4,1.1297
353.6,356.6,1.2324
353.8,356.8,1.1687
354,357,1.1031
354.2,357.2,0.74245
354.4,357.4,0.16684
354.6,357.6,0.40249
354.8,357.8,0.39495
355,358,0.13835
355.2,358.2,0.17281
355.4,358.4,0.17761
355.6,358.6,0.11386
355.8,358.8,0.18904
356,359,0.1378
356.2,359.2,0.074706
356.4,359.4,0.056544
356.6,359.6,0.12011
356.8,359.8,0.012822
357,360,0.12957
357.2,360.2,0.030925
357.4,360.4,0.3487
357.6,360.6,0.47096
357.8,360.8,0.33697
358,361,0.27188
358.2,361.2,0.42886
358.4,361.4,0.48016
358.6,361.6,0.45793
358.8,361.8,0.47556
359,362,0.48406
359.2,362.2,0.48647
359.4,362.4,0.49215
359.6,362.6,0.48446
359.8,362.8,0.48623
360,363,0.50192
360.2,363.2,0.4227
360.4,363.4,0.46242
360.6,363.6,0.46117
360.8,363.8,0.57462
361,364,0.59542
361.2,364.2,0.38153
361.4,364.4,0.41048
361.6,364.6,0.29098
361.8,364.8,0.3587
362,365,0.3321
362.2,365.2,0.32459
362.4,365.4,0.35289
362.6,365.6,0.37195
362.8,365.8,0.28008
363,366,0.28518
363.2,366.2,0.2209
363.4,366.4,0.22132
363.6,366.6,0.27214
363.8,366.8,0.34783
364,367,0.35704
364.2,367.2,0.30709
364.4,367.4,0.30239
364.6,367.6,0.34601
364.8,367.8,0.30541
365,368,0.27578
365.2,368.2,0.23104
365.4,368.4,0.20989
365.6,368.6,0.19848
365.8,368.8,0.15084
366,369,0.28665
366.2,369.2,0.30748
366.4,369.4,0.35404
366.6,369.6,0.42953
366.8,369.8,0.43656
367,370,0.37392
367.2,370.2,0.28474
367.4,370.4,0.27057
367.6,370.6,0.27066
367.8,370.8,0.067184
368,371,0.24985
368.2,371.2,0.30334
368.4,371.4,0.40063
368.6,371.6,0.43409
368.8,371.8,0.25939
369,372,0.35379
369.2,372.2,0.20294
369.4,372.4,0.21825
369.6,372.6,0.18828
369.8,372.8,0.22167
370,373,0.22041
370.2,373.2,0.17858
370.4,373.4,0.17389
370.6,373.6,0.18022
370.8,373.8,0.15195
371,374,0.11555
371.2,374.2,0.060491
371.4,374.4,0.045938
371.6,374.6,0.081835
371.8,374.8,0.08148
372,375,0.090888
372.2,375.2,0.10682
372.4,375.4,0.075932
372.6,375.6,0.044827
372.8,375.8,0.023909
373,376,0.033094
373.2,376.2,0.054555
373.4,376.4,0.047677
373.6,376.6,0.047816
373.8,376.8,0.064481
374,377,0.055988
374.2,377.2,0.30642
374.4,377.4,0.36339
374.6,377.6,0.29005
374.8,377.8,0.26786
375,378,0.20507
375.2,378.2,0.26608
375.4,378.4,0.2506
375.6,378.6,0.28981
375.8,378.8,0.32928
376,379,0.3429
376.2,379.2,0.29488
376.4,379.4,0.24042
376.6,379.6,0.20314
376.8,379.8,0.21013
377,380,0.13303
377.2,380.2,0.048944
377.4,380.4,0.081261
377.6,380.6,0.08959
377.8,380.8,0.10064
378,381,0.074518
378.2,381.2,0.070646
378.4,381.4,0.081213
378.6,381.6,0.048697
378.8,381.8,0.035394
379,382,0.011469
379.2,382.2,0.016645
379.4,382.4,0.041048
379.6,382.6,0.050421
379.8,382.8,0.057109
380,383,0.074474
380.2,383.2,0.072834
380.4,383.4,0.064888
380.6,383.6,0.04322
380.8,383.8,0.086058
381,384,0.087973
381.2,384.2,0.077695
381.4,384.4,0.1467
381.6,384.6,0.16102
381.8,384.8,0.22374
382,385,0.20812
382.2,385.2,0.26115
382.4,385.4,0.38926
382.6,385.6,0.38937
382.8,385.8,0.69837
383,386,0.93066
383.2,386.2,1.0257
383.4,386.4,1.1124
383.6,386.6,1.0936
383.8,386.8,1.0124
384,387,0.95616
384.2,387.2,0.76926
384.4,387.4,0.61556
384.6,387.6,0.60096
384.8,387.8,0.55687
385,388,0.53738
385.2,388.2,0.47166
385.4,388.4,0.45186
385.6,388.6,0.36523
385.8,388.8,0.23564
386,389,0.20005
386.2,389.2,0.20812
386.4,389.4,0.2211
386.6,389.6,0.18134
386.8,389.8,0.15608
387,390,0.16933
387.2,390.2,0.20773
387.4,390.4,0.17021
387.6,390.6,0.19882
387.8,390.8,0.16407
388,391,0.21474
388.2,391.2,0.25032
388.4,391.4,0.22741
388.6,391.6,0.24131
388.8,391.8,0.18597
389,392,0.15432
389.2,392.2,0.15617
389.4,392.4,0.1687
389.6,392.6,0.16441
389.8,392.8,0.13346
390,393,0.090284
390.2,393.2,0.099279
390.4,393.4,0.093264
390.6,393.6,0.084498
390.8,393.8,0.047586
391,394,0.082696
391.2,394.2,0.10914
391.4,394.4,0.11879
391.6,394.6,0.14947
391.8,394.8,0.15011
392,395,0.13564
392.2,395.2,0.079822
392.4,395.4,0.067674
392.6,395.6,0.0016905
392.8,395.8,0.0037508
393,396,0.019683
393.2,396.2,0.048654
393.4,396.4,0.063771
393.6,396.6,0.060734
393.8,396.8,0.12441
394,397,0.13381
394.2,397.2,0.16201
394.4,397.4,0.19967
394.6,397.6,0.19225
394.8,397.8,0.25497
395,398,0.22727
395.2,398.2,0.2233
395.4,398.4,0.19313
395.6,398.6,0.0024078
395.8,398.8,0.070391
396,399,0.22251
396.2,399.2,0.073457
396.4,399.4,0.066587
396.6,399.6,0.0039793
396.8,399.8,0.036637
397,400,0.092861
397.2,400.2,0.051008
397.4,400.4,0.02171
397.6,400.6,0.062721
397.8,400.8,0.096351
398,401,0.083379
398.2,401.2,0.15493
398.4,401.4,0.20904
398.6,401.6,0.16874
398.8,401.8,0.20434
399,402,0.15302
399.2,402.2,0.14067
399.4,402.4,0.12661
399.6,402.6,0.10952
399.8,402.8,0.090558
400,403,0.14144
400.2,403.2,0.17375
400.4,403.4,0.14901
400.6,403.6,0.11842
400.8,403.8,0.11753
401,404,0.056301
401.2,404.2,0.062141
401.4,404.4,0.075652
401.6,404.6,0.15193
401.8,404.8,0.1932
402,405,0.18916
402.2,405.2,0.21317
402.4,405.4,0.20714
402.6,405.6,0.21338
402.8,405.8,0.21096
403,406,0.18507
403.2,406.2,0.19247
403.4,406.4,0.20253
403.6,406.6,0.21333
403.8,406.8,0.20686
404,407,0.18535
404.2,407.2,0.20571
404.4,407.4,0.16207
404.6,407.6,0.12368
404.8,407.8,0.11395
405,408,0.087358
405.2,408.2,0.06403
405.4,408.4,0.080846
405.6,408.6,0.035635
405.8,408.8,0.019824
406,409,0.047476
406.2,409.2,0.10683
406.4,409.4,0.14366
406.6,409.6,0.17203
406.8,409.8,0.22329
407,410,0.19166
407.2,410.2,0.056025
407.4,410.4,0.15354
407.6,410.6,0.22185
407.8,410.8,0.30377
408,411,0.35969
408.2,411.2,0.34139
408.4,411.4,0.49507
408.6,411.6,0.5679
408.8,411.8,0.56195
409,412,0.51781
409.2,412.2,0.50676
409.4,412.4,0.38076
409.6,412.6,0.38279
409.8,412.8,0.29304
410,413,0.40149
410.2,413.2,0.34375
410.4,413.4,0.29959
410.6,413.6,0.25101
410.8,413.8,0.19683
411,414,0.2324
411.2,414.2,0.11239
411.4,414.4,0.05836
411.6,414.6,0.010003
411.8,414.8,0.052171
412,415,0.038165
412.2,415.2,0.024831
412.4,415.4,0.070445
412.6,415.6,0.057182
412.8,415.8,0.014078
413,416,0.042719
413.2,416.2,0.060271
413.4,416.4,0.051488
413.6,416.6,0.041548
413.8,416.8,0.0055427
414,417,0.045751
414.2,417.2,0.058315
414.4,417.4,0.012941
414.6,417.6,0.013445
414.8,417.8,0.0078247
415,418,0.042389
415.2,418.2,0.039508
415.4,418.4,0.078569
415.6,418.6,0.052046
415.8,418.8,0.12583
416,419,0.12683
416.2,419.2,0.086783
416.4,419.4,0.11913
416.6,419.6,0.11242
416.8,419.8,0.11345
417,420,0.13937
417.2,420.2,0.18062
417.4,420.4,0.13908
417.6,420.6,0.21384
417.8,420.8,0.22164
418,421,0.27505
418.2,421.2,0.21031
418.4,421.4,0.22815
418.6,421.6,0.20094
418.8,421.8,0.30366
419,422,0.3693
419.2,422.2,0.42429
419.4,422.4,0.52317
419.6,422.6,0.55046
419.8,422.8,0.49473
420,423,0.5287
420.2,423.2,0.43552
420.4,423.4,0.64769
420.6,423.6,0.59106
420.8,423.8,0.54487
421,424,0.58254
421.2,424.2,0.52305
421.4,424.4,0.48775
421.6,424.6,0.41727
421.8,424.8,0.32761
422,425,0.32676
422.2,425.2,0.30758
422.4,425.4,0.22699
422.6,425.6,0.24058
422.8,425.8,0.2253
423,426,0.17322
423.2,426.2,0.20981
423.4,426.4,0.27256
423.6,426.6,0.26796
423.8,426.8,0.36837
424,427,0.47157
424.2,427.2,0.55477
424.4,427.4,0.54553
424.6,427.6,0.56553
424.8,427.8,0.5839
425,428,0.6081
425.2,428.2,0.6293
425.4,428.4,0.66685
425.6,428.6,0.70977
425.8,428.8,0.64278
426,429,0.62302
426.2,429.2,0.53673
426.4,429.4,0.57052
426.6,429.6,0.5569
426.8,429.8,0.34011
427,430,0.20668
427.2,430.2,0.041129
427.4,430.4,0.083901
427.6,430.6,0.011823
427.8,430.8,0.00045038
428,431,0.0084545
428.2,431.2,0.033608
428.4,431.4,0.020808
428.6,431.6,0.032453
428.8,431.8,0.060011
429,432,0.11714
429.2,432.2,0.052535
429.4,432.4,0.083349
429.6,432.6,0.11108
429.8,432.8,0.015966
430,433,0.032729
430.2,433.2,0.006715
430.4,433.4,0.049885
430.6,433.6,0.039512
430.8,433.8,0.038702
431,434,0.091711
431.2,434.2,0.12184
431.4,434.4,0.15739
431.6,434.6,0.23458
431.8,434.8,0.24323
432,435,0.34741
432.2,435.2,0.39831
432.4,435.4,0.42408
432.6,435.6,0.39428
432.8,435.8,0.51099
433,436,0.52156
433.2,436.2,0.54139
433.4,436.4,0.58386
433.6,436.6,0.65647
433.8,436.8,0.42604
434,437,0.43821
434.2,437.2,0.41246
434.4,437.4,0.36543
434.6,437.6,0.44982
434.8,437.8,0.32356
435,438,0.24949
435.2,438.2,0.25315
435.4,438.4,0.3065
435.6,438.6,0.3164
435.8,438.8,0.31968
436,439,0.31149
436.2,439.2,0.31144
436.4,439.4,0.32678
436.6,439.6,0.35194
436.8,439.8,0.36521
437,440,0.40045
437.2,440.2,0.37166
437.4,440.4,0.33016
437.6,440.6,0.29787
437.8,440.8,0.23421
438,441,0.26004
438.2,441.2,0.33521
438.4,441.4,0.39698
438.6,441.6,0.40026
438.8,441.8,0.4175
439,442,0.50021
439.2,442.2,0.4386
439.4,442.4,0.56508
439.6,442.6,0.53709
439.8,442.8,0.46179
440,443,0.57834
440.2,443.2,0.54425
440.4,443.4,0.51646
440.6,443.6,0.49299
440.8,443.8,0.39571
441,444,0.30015
441.2,444.2,0.17558
441.4,444.4,0.19418
441.6,444.6,0.17141
441.8,444.8,0.09206
442,445,0.063892
442.2,445.2,0.042882
442.4,445.4,0.045613
442.6,445.6,0.024966
442.8,445.8,0.010589
443,446,0.05671
443.2,446.2,0.079099
443.4,446.4,0.035739
443.6,446.6,0.043354
443.8,446.8,0.038127
444,447,0.13584
444.2,447.2,0.19054
444.4,447.4,0.11601
444.6,447.6,0.10191
444.8,447.8,0.11261
445,448,0.046934
445.2,448.2,0.081202
445.4,448.4,0.01638
445.6,448.6,0.054418
445.8,448.8,0.11897
446,449,0.12226
446.2,449.2,0.11928
446.4,449.4,0.15804
446.6,449.6,0.15575
446.8,449.8,0.18303
447,450,0.21467
447.2,450.2,0.24168
447.4,450.4,0.35303
447.6,450.6,0.28633
447.8,450.8,0.32482
448,451,0.37338
448.2,451.2,0.42753
448.4,451.4,0.44943
448.6,451.6,0.35114
448.8,451.8,0.46357
449,452,0.4841
449.2,452.2,0.49409
449.4,452.4,0.47541
449.6,452.6,0.3828
449.8,452.8,0.41172
450,453,0.45699
450.2,453.2,0.5192
450.4,453.4,0.65283
450.6,453.6,0.6071
450.8,453.8,0.5931
451,454,0.50089
451.2,454.2,0.491
451.4,454.4,0.39025
451.6,454.6,0.30517
451.8,454.8,0.28432
452,455,0.34918
452.2,455.2,0.18907
452.4,455.4,0.31846
452.6,455.6,0.3318
452.8,455.8,0.20166
453,456,0.23557
453.2,456.2,0.19701
453.4,456.4,0.20872
453.6,456.6,0.2186
453.8,456.8,0.22322
454,457,0.23527
454.2,457.2,0.31549
454.4,457.4,0.23122
454.6,457.6,0.17375
454.8,457.8,0.058284
455,458,0.0015417
455.2,458.2,0.067151
455.4,458.4,0.010167
455.6,458.6,0.059751
455.8,458.8,0.028619
456,459,0.088734
456.2,459.2,0.15594
456.4,459.4,0.17719
456.6,459.6,0.23607
456.8,459.8,0.08518
457,460,0.14158
457.2,460.2,0.23774
457.4,460.4,0.26134
457.6,460.6,0.3211
457.8,460.8,0.38
458,461,0.41736
458.2,461.2,0.37395
458.4,461.4,0.3746
458.6,461.6,0.34045
458.8,461.8,0.26626
459,462,0.2733
459.2,462.2,0.23053
459.4,462.4,0.25372
459.6,462.6,0.34389
459.8,462.8,0.32901
460,463,0.19967
460.2,463.2,0.30331
460.4,463.4,0.30888
460.6,463.6,0.24558
460.8,463.8,0.30399
461,464,0.22855
461.2,464.2,0.27515
461.4,464.4,0.28334
461.6,464.6,0.26363
461.8,464.8,0.35983
462,465,0.36842
462.2,465.2,0.36107
462.4,465.4,0.33503
462.6,465.6,0.4014
462.8,465.8,0.3511
463,466,0.35123
463.2,466.2,0.26976
463.4,466.4,0.30754
463.6,466.6,0.36467
463.8,466.8,0.34821
464,467,0.44398
464.2,467.2,0.47338
464.4,467.4,0.451
464.6,467.6,0.40589
464.8,467.8,0.34011
465,468,0.40977
465.2,468.2,0.43663
465.4,468.4,0.37217
465.6,468.6,0.29908
465.8,468.8,0.463
466,469,0.33023
466.2,469.2,0.64433
466.4,469.4,0.34948
466.6,469.6,0.36714
466.8,469.8,0.25635
467,470,0.040925
467.2,470.2,0.018092
467.4,470.4,0.097121
467.6,470.6,0.037652
467.8,470.8,0.1323
468,471,0.13982
468.2,471.2,0.072092
468.4,471.4,0.018135
468.6,471.6,0.0061152
468.8,471.8,0.020061
469,472,0.043317
469.2,472.2,0.040309
469.4,472.4,0.069819
469.6,472.6,0.16914
469.8,472.8,0.27811
470,473,0.32114
470.2,473.2,0.38845
470.4,473.4,0.48344
470.6,473.6,0.47041
470.8,473.8,0.55134
471,474,0.50869
471.2,474.2,0.49798
471.4,474.4,0.43731
471.6,474.6,0.44679
471.8,474.8,0.47325
472,475,0.48774
472.2,475.2,0.43409
472.4,475.4,0.27749
472.6,475.6,0.2459
472.8,475.8,0.16375
473,476,0.15951
473.2,476.2,0.10656
473.4,476.4,0.1835
473.6,476.6,0.15435
473.8,476.8,0.15697
474,477,0.099208
474.2,477.2,0.18648
474.4,477.4,0.24849
474.6,477.6,0.28808
474.8,477.8,0.36803
475,478,0.33313
475.2,478.2,0.44002
475.4,478.4,0.55129
475.6,478.6,0.67237
475.8,478.8,0.59853
476,479,0.64867
476.2,479.2,0.52014
476.4,479.4,0.6
476.6,479.6,0.68593
476.8,479.8,0.61896
477,480,0.58574
477.2,480.2,0.48265
477.4,480.4,0.37419
477.6,480.6,0.29914
477.8,480.8,0.26679
478,481,0.24899
478.2,481.2,0.32251
478.4,481.4,0.32467
478.6,481.6,0.27301
478.8,481.8,0.21845
479,482,0.1322
479.2,482.2,0.037071
479.4,482.4,0.019822
479.6,482.6,0.10211
479.8,482.8,0.11867
480,483,0.10632
480.2,483.2,0.11287
480.4,483.4,0.18453
480.6,483.6,0.20915
480.8,483.8,0.17935
481,484,0.028356
481.2,484.2,0.32685
481.4,484.4,0.41785
481.6,484.6,0.56314
481.8,484.8,0.51499
482,485,0.5002
482.2,485.2,0.46343
482.4,485.4,0.402
482.6,485.6,0.37698
482.8,485.8,0.39048
483,486,0.36791
483.2,486.2,0.39469
483.4,486.4,0.34899
483.6,486.6,0.28594
483.8,486.8,0.3005
484,487,0.24498
484.2,487.2,0.22616
484.4,487.4,0.17835
484.6,487.6,0.19907
484.8,487.8,0.13626
485,488,0.090556
485.2,488.2,0.13414
485.4,488.4,0.081703
485.6,488.6,0.049492
485.8,488.8,0.066761
486,489,0.61743
486.2,489.2,0.40351
486.4,489.4,0.41885
486.6,489.6,0.47271
486.8,489.8,0.49313
487,490,0.4783
487.2,490.2,0.50594
487.4,490.4,0.51661
487.6,490.6,0.49221
487.8,490.8,0.46027
488,491,0.47079
488.2,491.2,0.4449
488.4,491.4,0.44252
488.6,491.6,0.40693
488.8,491.8,0.37889
489,492,0.56111
489.2,492.2,0.53368
489.4,492.4,0.60371
489.6,492.6,0.40267
489.8,492.8,0.14982
490,493,0.1667
490.2,493.2,0.17336
490.4,493.4,0.18672
490.6,493.6,0.16645
490.8,493.8,0.13614
491,494,0.10107
491.2,494.2,0.09766
491.4,494.4,0.083198
491.6,494.6,0.036508
491.8,494.8,0.062474
492,495,0.082636
492.2,495.2,0.098657
492.4,495.4,0.095917
492.6,495.6,0.11134
492.8,495.8,0.13966
493,496,0.13895
493.2,496.2,0.14526
493.4,496.4,0.14343
493.6,496.6,0.13652
493.8,496.8,0.15814
494,497,0.18464
494.2,497.2,0.19545
494.4,497.4,0.17363
494.6,497.6,0.15252
494.8,497.8,0.1584
495,498,0.12822
495.2,498.2,0.14953
495.4,498.4,0.14157
495.6,498.6,0.13944
495.8,498.8,0.16137
496,499,0.10258
496.2,499.2,0.13841
496.4,499.4,0.13509
496.6,499.6,0.11837
496.8,499.8,0.16303
497,500,0.16899
497.2,500.2,0.24074
497.4,500.4,0.30094
497.6,500.6,0.26567
497.8,500.8,0.26089
498,501,0.28757
498.2,501.2,0.37599
498.4,501.4,0.46061
498.6,501.6,0.38017
498.8,501.8,0.44807
499,502,0.45589
499.2,502.2,0.63397
499.4,502.4,0.78895
499.6,502.6,0.7967
499.8,502.8,0.73715
500,503,0.77513
500.2,503.2,0.83377
500.4,503.4,0.8227
500.6,503.6,0.80358
500.8,503.8,0.79665
501,504,0.7399
501.2,504.2,0.67804
501.4,504.4,0.76212
501.6,504.6,0.78958
501.8,504.8,0.74774
502,505,0.62426
502.2,505.2,0.57454
502.4,505.4,0.46361
502.6,505.6,0.4945
502.8,505.8,0.49616
503,506,0.45196
503.2,506.2,0.46879
503.4,506.4,0.52405
503.6,506.6,0.56801
503.8,506.8,0.49518
504,507,0.55058
504.2,507.2,0.56285
504.4,507.4,0.64895
504.6,507.6,0.62857
504.8,507.8,0.57474
505,508,0.45566
505.2,508.2,0.42334
505.4,508.4,0.38786
505.6,508.6,0.26633
505.8,508.8,0.39496
506,509,0.43827
506.2,509.2,0.41294
506.4,509.4,0.48644
506.6,509.6,0.52797
506.8,509.8,0.44648
507,510,0.41613
507.2,510.2,0.3635
507.4,510.4,0.17057
507.6,510.6,0.27503
507.8,510.8,0.34144
508,511,0.42289
508.2,511.2,0.56709
508.4,511.4,0.60731
508.6,511.6,0.61319
508.8,511.8,0.56633
509,512,0.56469
509.2,512.2,0.51847
509.4,512.4,0.37998
509.6,512.6,0.5054
509.8,512.8,0.49143
510,513,0.34924
510.2,513.2,0.40084
510.4,513.4,0.33087
510.6,513.6,0.22942
510.8,513.8,0.17632
511,514,0.1839
511.2,514.2,0.24394
511.4,514.4,0.28112
511.6,514.6,0.32071
511.8,514.8,0.39902
512,515,0.43988
512.2,515.2,0.4826
512.4,515.4,0.46251
512.6,515.6,0.4016
512.8,515.8,0.50443
513,516,0.58048
513.2,516.2,0.67632
513.4,516.4,0.63679
513.6,516.6,0.60536
513.8,516.8,0.53415
514,517,0.48714
514.2,517.2,0.46182
514.4,517.4,0.3909
514.6,517.6,0.344
514.8,517.8,0.29099
515,518,0.19571
515.2,518.2,0.15427
515.4,518.4,0.14167
515.6,518.6,0.050523
515.8,518.8,0.016953
516,519,0.0073867
516.2,519.2,0.010956
516.4,519.4,0.049626
516.6,519.6,0.10253
516.8,519.8,0.10856
517,520,0.17901
517.2,520.2,0.12459
517.4,520.4,0.096947
517.6,520.6,0.081646
517.8,520.8,0.037851
518,521,0.010983
518.2,521.2,0.029441
518.4,521.4,0.047996
518.6,521.6,0.051027
518.8,521.8,0.22887
519,522,0.33568
519.2,522.2,0.31296
519.4,522.4,0.17119
519.6,522.6,0.049333
519.8,522.8,0.031896
520,523,0.0093207
520.2,523.2,0.017504
520.4,523.4,0.046615
520.6,523.6,0.055717
520.8,523.8,0.098249
521,524,0.05676
521.2,524.2,0.053254
521.4,524.4,0.042185
521.6,524.6,0.020038
521.8,524.8,0.010089
522,525,0.091586
522.2,525.2,0.096385
522.4,525.4,0.013839
522.6,525.6,0.0066786
522.8,525.8,0.0069907
523,526,0.035882
523.2,526.2,0.094459
523.4,526.4,0.19613
523.6,526.6,0.23269
523.8,526.8,0.22964
524,527,0.2605
524.2,527.2,0.3502
524.4,527.4,0.3636
524.6,527.6,0.27312
524.8,527.8,0.25458
525,528,0.33818
525.2,528.2,0.34267
525.4,528.4,0.30957
525.6,528.6,0.31172
525.8,528.8,0.33691
526,529,0.30963
526.2,529.2,0.32636
526.4,529.4,0.26088
526.6,529.6,0.25264
526.8,529.8,0.19575
527,530,0.013087
527.2,530.2,0.038114
527.4,530.4,0.033667
527.6,530.6,0.075638
527.8,530.8,0.13373
528,531,0.11686
528.2,531.2,0.088257
528.4,531.4,0.098572
528.6,531.6,0.048401
528.8,531.8,0.022463
529,532,0.021303
529.2,532.2,0.031084
529.4,532.4,0.10125
529.6,532.6,0.09031
529.8,532.8,0.086873
530,533,0.045986
530.2,533.2,0.028722
530.4,533.4,0.0067284
530.6,533.6,0.029538
530.8,533.8,0.031142
531,534,0.026095
531.2,534.2,0.0068613
531.4,534.4,0.040119
531.6,534.6,0.11927
531.8,534.8,0.25003
532,535,0.24518
532.2,535.2,0.29166
532.4,535.4,0.30973
532.6,535.6,0.32511
532.8,535.8,0.27948
533,536,0.25978
533.2,536.2,0.16959
533.4,536.4,0.13159
533.6,536.6,0.047233
533.8,536.8,0.061078
534,537,0.081485
534.2,537.2,0.013428
534.4,537.4,0.15658
534.6,537.6,0.13758
534.8,537.8,0.10755
535,538,0.058646
535.2,538.2,0.12767
535.4,538.4,0.19011
535.6,538.6,0.2728
535.8,538.8,0.20168
536,539,0.15233
536.2,539.2,0.1076
536.4,539.4,0.1004
536.6,539.6,0.03884
536.8,539.8,0.0157
537,540,0.11119
537.2,540.2,0.13936
537.4,540.4,0.18052
537.6,540.6,0.41056
537.8,540.8,0.50591
538,541,0.53328
538.2,541.2,0.64558
538.4,541.4,0.49685
538.6,541.6,0.55455
538.8,541.8,0.51966
539,542,0.59225
539.2,542.2,0.55223
539.4,542.4,0.48307
539.6,542.6,0.43301
539.8,542.8,0.34419
540,543,0.37569
540.2,543.2,0.37343
540.4,543.4,0.2671
540.6,543.6,0.25351
540.8,543.8,0.2635
541,544,0.25127
541.2,544.2,0.28349
541.4,544.4,0.27866
541.6,544.6,0.27511
541.8,544.8,0.25999
542,545,0.22579
542.2,545.2,0.22788
542.4,545.4,0.21996
542.6,545.6,0.24303
542.8,545.8,0.22561
543,546,0.28329
543.2,546.2,0.41562
543.4,546.4,0.58783
543.6,546.6,0.6496
543.8,546.8,0.68455
544,547,0.53539
544.2,547.2,0.51111
544.4,547.4,0.50942
544.6,547.6,0.44604
544.8,547.8,0.42697
545,548,0.46998
545.2,548.2,0.32787
545.4,548.4,0.43477
545.6,548.6,0.38596
545.8,548.8,0.2756
546,549,0.29942
546.2,549.2,0.19113
546.4,549.4,0.10172
546.6,549.6,0.21065
546.8,549.8,0.291
547,550,0.26404
547.2,550.2,0.18195
547.4,550.4,0.33693
547.6,550.6,0.40836
547.8,550.8,0.37701
548,551,0.42052
548.2,551.2,0.51985
548.4,551.4,0.48548
548.6,551.6,0.36916
548.8,551.8,0.42072
549,552,0.49959
549.2,552.2,0.5603
549.4,552.4,0.47697
549.6,552.6,0.47993
549.8,552.8,0.56089
550,553,0.59101
550.2,553.2,0.66661
550.4,553.4,0.49724
550.6,553.6,0.53842
550.8,553.8,0.62012
551,554,0.6995
551.2,554.2,0.84909
551.4,554.4,0.88426
551.6,554.6,0.91625
551.8,554.8,0.9346
552,555,0.89476
552.2,555.2,0.81594
552.4,555.4,0.87397
552.6,555.6,0.92782
552.8,555.8,0.86322
553,556,0.86867
553.2,556.2,0.94971
553.4,556.4,0.91269
553.6,556.6,0.86955
553.8,556.8,0.93863
554,557,0.66027
554.2,557.2,0.44997
554.4,557.4,0.36478
554.6,557.6,0.36075
554.8,557.8,0.33694
555,558,0.38196
555.2,558.2,0.31306
555.4,558.4,0.2347
555.6,558.6,0.26684
555.8,558.8,0.24138
556,559,0.21982
556.2,559.2,0.10186
556.4,559.4,0.17976
556.6,559.6,0.13517
556.8,559.8,0.093319
557,560,0.10587
557.2,560.2,0.16148
557.4,560.4,0.2164
557.6,560.6,0.35186
557.8,560.8,0.47712
558,561,0.48658
558.2,561.2,0.42144
558.4,561.4,0.50162
558.6,561.6,0.53398
558.8,561.8,0.51726
559,562,0.52154
559.2,562.2,0.61815
559.4,562.4,0.7088
559.6,562.6,0.76611
559.8,562.8,0.80205
560,563,0.85588
560.2,563.2,0.9324
560.4,563.4,0.88503
560.6,563.6,0.90682
560.8,563.8,0.87702
561,564,0.91524
561.2,564.2,0.99185
561.4,564.4,1.0643
561.6,564.6,1.013
561.8,564.8,0.96599
562,565,1.0018
562.2,565.2,1.0984
562.4,565.4,1.1972
562.6,565.6,1.0081
562.8,565.8,0.64114
563,566,0.47178
563.2,566.2,0.48978
563.4,566.4,0.49887
563.6,566.6,0.53362
563.8,566.8,0.45839
564,567,0.34254
564.2,567.2,0.25269
564.4,567.4,0.2651
564.6,567.6,0.24294
564.8,567.8,0.20392
565,568,0.11436
565.2,568.2,0.073489
565.4,568.4,0.090877
565.6,568.6,0.25454
565.8,568.8,0.22875
566,569,0.16522
566.2,569.2,0.16305
566.4,569.4,0.15348
566.6,569.6,0.20561
566.8,569.8,0.27046
567,570,0.25941
567.2,570.2,0.3096
567.4,570.4,0.33794
567.6,570.6,0.33903
567.8,570.8,0.26883
568,571,0.19863
568.2,571.2,0.16949
568.4,571.4,0.082916
568.6,571.6,0.14315
568.8,571.8,0.2536
569,572,0.30111
569.2,572.2,0.19102
569.4,572.4,0.22519
569.6,572.6,0.20892
569.8,572.8,0.20865
570,573,0.13282
570.2,573.2,0.11529
570.4,573.4,0.14884
570.6,573.6,0.22532
570.8,573.8,0.42816
571,574,0.42529
571.2,574.2,0.42817
571.4,574.4,0.44312
571.6,574.6,0.3744
571.8,574.8,0.26777
572,575,0.3276
572.2,575.2,0.3583
572.4,575.4,0.47172
572.6,575.6,0.56396
572.8,575.8,0.46037
573,576,0.33935
573.2,576.2,0.30388
573.4,576.4,0.27475
573.6,576.6,0.19858
573.8,576.8,0.23212
574,577,0.25882
574.2,577.2,0.34312
574.4,577.4,0.42463
574.6,577.6,0.50165
574.8,577.8,0.54308
575,578,0.44513
575.2,578.2,0.41304
575.4,578.4,0.41793
575.6,578.6,0.32499
575.8,578.8,0.52062
576,579,0.61329
576.2,579.2,0.54188
576.4,579.4,0.55569
576.6,579.6,0.69326
576.8,579.8,0.71522
577,580,0.60182
577.2,580.2,0.46655
577.4,580.4,0.59328
577.6,580.6,0.57667
577.8,580.8,0.70119
578,581,0.58275
578.2,581.2,0.52385
578.4,581.4,0.4202
578.6,581.6,0.42848
578.8,581.8,0.34801
579,582,0.37349
579.2,582.2,0.37976
579.4,582.4,0.27472
579.6,582.6,0.19668
579.8,582.8,0.30484
580,583,0.2267
580.2,583.2,0.023732
580.4,583.4,0.0058538
580.6,583.6,0.12467
580.8,583.8,0.072629
581,584,0.013557
581.2,584.2,0.11916
581.4,584.4,0.13332
581.6,584.6,0.16487
581.8,584.8,0.15552
582,585,0.29857
582.2,585.2,0.27299
582.4,585.4,0.50522
582.6,585.6,0.67529
582.8,585.8,0.49606
583,586,0.42033
583.2,586.2,0.25916
583.4,586.4,0.37343
583.6,586.6,0.37643
583.8,586.8,0.45239
584,587,0.46727
584.2,587.2,0.50533
584.4,587.4,0.49147
584.6,587.6,0.34647
584.8,587.8,0.25955
585,588,0.26111
585.2,588.2,0.2144
585.4,588.4,0.17881
585.6,588.6,0.15003
585.8,588.8,0.152
586,589,0.16441
586.2,589.2,0.18661
586.4,589.4,0.18139
586.6,589.6,0.18359
586.8,589.8,0.2448
587,590,0.041871
587.2,590.2,0.027344
587.4,590.4,0.058551
587.6,590.6,0.093091
587.8,590.8,0.14089
588,591,0.10381
588.2,591.2,0.15307
588.4,591.4,0.082412
588.6,591.6,0.029229
588.8,591.8,0.016662
589,592,0.035073
589.2,592.2,0.074188
589.4,592.4,0.059275
589.6,592.6,0.0015431
589.8,592.8,0.034765
590,593,0.037043
590.2,593.2,0.065876
590.4,593.4,0.057594
590.6,593.6,0.1604
590.8,593.8,0.13586
591,594,0.078662
591.2,594.2,0.1914
591.4,594.4,0.28908
591.6,594.6,0.35091
591.8,594.8,0.30434
592,595,0.30034
592.2,595.2,0.5682
592.4,595.4,0.59163
592.6,595.6,0.46458
592.8,595.8,0.43738
593,596,0.40951
593.2,596.2,0.31657
593.4,596.4,0.24742
593.6,596.6,0.15546
593.8,596.8,0.22908
594,597,0.033921
594.2,597.2,0.017306
594.4,597.4,0.099438
594.6,597.6,0.19811
594.8,597.8,0.27716
595,598,0.12402
595.2,598.2,0.098257
595.4,598.4,0.16023
595.6,598.6,0.31482
595.8,598.8,0.32713
596,599,0.39144
596.2,599.2,0.38131
596.4,599.4,0.46417
596.6,599.6,0.56668
596.8,599.8,0.49719
597,600,0.59697
597.2,600.2,0.62036
597.4,600.4,0.47135
597.6,600.6,0.4382
597.8,600.8,0.61885
598,601,0.6669
598.2,601.2,0.47956
598.4,601.4,0.46473
598.6,601.6,0.6828
598.8,601.8,0.46586
599,602,0.23195
599.2,602.2,0.29128
599.4,602.4,0.42009
599.6,602.6,0.68994
599.8,602.8,1.1211
600,603,1.0268
600.2,603.2,0.80898
600.4,603.4,0.88044
600.6,603.6,0.91331
600.8,603.8,0.915
601,604,0.91332
601.2,604.2,0.93598
601.4,604.4,0.72775
601.6,604.6,0.94974
601.8,604.8,1.1692
602,605,1.1323
602.2,605.2,0.89736
602.4,605.4,0.51502
602.6,605.6,0.19951
602.8,605.8,0.27542
603,606,0.32477
603.2,606.2,0.321
603.4,606.4,0.43262
603.6,606.6,0.47118
603.8,606.8,0.47535
604,607,0.4966
604.2,607.2,0.48679
604.4,607.4,0.58234
604.6,607.6,0.68194
604.8,607.8,0.61459
605,608,0.64191
605.2,608.2,0.63789
605.4,608.4,0.62389
605.6,608.6,0.62959
605.8,608.8,0.61344
606,609,0.56778
606.2,609.2,0.65131
606.4,609.4,0.65598
606.6,609.6,0.61266
606.8,609.8,0.68804
607,610,0.90613
607.2,610.2,0.75332
607.4,610.4,0.59988
607.6,610.6,0.56848
607.8,610.8,0.51025
608,611,0.64074
608.2,611.2,0.79846
608.4,611.4,0.80308
608.6,611.6,0.91863
608.8,611.8,0.92952
609,612,0.67138
609.2,612.2,0.43671
609.4,612.4,0.40266
609.6,612.6,0.27487
609.8,612.8,0.055084
610,613,0.038717
610.2,613.2,0.18344
610.4,613.4,0.34695
610.6,613.6,0.39708
610.8,613.8,0.73019
611,614,1.0158
611.2,614.2,1.1379
611.4,614.4,1.4931
611.6,614.6,1.5248
611.8,614.8,1.3897
612,615,1.2994
612.2,615.2,1.2137
612.4,615.4,1.4382
612.6,615.6,1.6386
612.8,615.8,1.6781
613,616,1.6154
613.2,616.2,1.8001
613.4,616.4,1.7637
613.6,616.6,1.76
613.8,616.8,1.6809
614,617,1.3469
614.2,617.2,1.3771
614.4,617.4,1.427
614.6,617.6,1.4117
614.8,617.8,1.5128
615,618,1.5284
615.2,618.2,1.3741
615.4,618.4,1.0593
615.6,618.6,0.53106
615.8,618.8,0.48443
616,619,0.41891
616.2,619.2,0.49752
616.4,619.4,0.74694
616.6,619.6,0.8704
616.8,619.8,0.96428
617,620,1.0198
617.2,620.2,0.72382
617.4,620.4,0.58993
617.6,620.6,0.38865
617.8,620.8,0.1744
618,621,0.1132
618.2,621.2,0.52701
618.4,621.4,0.80199
618.6,621.6,0.7817
618.8,621.8,0.80886
619,622,0.73612
619.2,622.2,0.66734
619.4,622.4,0.40386
619.6,622.6,0.54858
619.8,622.8,0.30058
620,623,0.61551
620.2,623.2,0.74988
620.4,623.4,0.81478
620.6,623.6,1.0549
620.8,623.8,1.1341
621,624,1.0927
621.2,624.2,0.99702
621.4,624.4,1.0014
621.6,624.6,0.68355
621.8,624.8,0.72193
622,625,0.66309
622.2,625.2,0.73204
622.4,625.4,0.87953
622.6,625.6,1.0144
622.8,625.8,1.0905
623,626,0.84651
623.2,626.2,0.55004
623.4,626.4,0.20994
623.6,626.6,0.225
623.8,626.8,0.42133
624,627,0.45551
624.2,627.2,0.44646
624.4,627.4,0.36657
624.6,627.6,0.49396
624.8,627.8,0.61134
625,628,0.58604
625.2,628.2,0.3211
625.4,628.4,0.34284
625.6,628.6,0.21147
625.8,628.8,0.47883
626,629,0.68078
626.2,629.2,0.74906
626.4,629.4,0.83404
626.6,629.6,0.69279
626.8,629.8,0.65104
627,630,0.52689
627.2,630.2,0.34118
627.4,630.4,0.22801
627.6,630.6,0.082163
627.8,630.8,0.063651
628,631,0.11009
628.2,631.2,0.23827
628.4,631.4,0.67775
628.6,631.6,0.92138
628.8,631.8,0.98386
629,632,1.0627
629.2,632.2,1.1557
629.4,632.4,1.0233
629.6,632.6,0.99812
629.8,632.8,1.028
630,633,0.8169
630.2,633.2,0.78329
630.4,633.4,0.71705
630.6,633.6,0.62168
630.8,633.8,0.6157
631,634,0.51439
631.2,634.2,0.32662
631.4,634.4,0.1159
631.6,634.6,0.21552
631.8,634.8,0.51721
632,635,0.18057
632.2,635.2,0.26908
632.4,635.4,0.34616
632.6,635.6,0.39053
632.8,635.8,0.43322
633,636,0.45254
633.2,636.2,0.46453
633.4,636.4,0.47814
633.6,636.6,0.47567
633.8,636.8,0.47099
634,637,0.47519
634.2,637.2,0.47245
634.4,637.4,0.47498
634.6,637.6,0.52052
634.8,637.8,0.53392
635,638,0.21923
635.2,638.2,0.080158
635.4,638.4,0.68754
635.6,638.6,0.15147
635.8,638.8,0.088338
636,639,0.26063
636.2,639.2,0.0063724
636.4,639.4,0.007599
636.6,639.6,0.053666
636.8,639.8,0.029861
637,640,0.075472
637.2,640.2,0.086461
637.4,640.4,0.13117
637.6,640.6,0.18014
637.8,640.8,0.028916
638,641,0.043921
638.2,641.2,0.082758
638.4,641.4,0.1058
638.6,641.6,0.032726
638.8,641.8,0.14815
639,642,0.11053
639.2,642.2,0.0029229
639.4,642.4,0.069464
639.6,642.6,0.030501
639.8,642.8,0.24794
640,643,0.22066
640.2,643.2,0.10247
640.4,643.4,0.4203
640.6,643.6,0.45494
640.8,643.8,0.44992
641,644,0.8601
641.2,644.2,1.0626
641.4,644.4,0.99227
641.6,644.6,1.2612
641.8,644.8,1.3937
642,645,1.424
642.2,645.2,1.4589
642.4,645.4,1.4491
642.6,645.6,1.5337
642.8,645.8,1.5551
643,646,1.4879
643.2,646.2,1.4409
643.4,646.4,1.2982
643.6,646.6,1.3835
643.8,646.8,1.2065
644,647,1.1137
644.2,647.2,1.0424
644.4,647.4,0.87635
644.6,647.6,0.38293
644.8,647.8,0.21421
645,648,0.13747
645.2,648.2,0.11508
645.4,648.4,0.21209
645.6,648.6,0.37242
645.8,648.8,0.41005
646,649,0.30307
646.2,649.2,0.58552
646.4,649.4,0.7393
646.6,649.6,0.78469
646.8,649.8,0.94401
647,650,1.1101
647.2,650.2,0.99321
647.4,650.4,1.233
647.6,650.6,1.3477
647.8,650.8,1.2694
648,651,1.2814
648.2,651.2,1.2931
648.4,651.4,1.1008
648.6,651.6,1.0148
648.8,651.8,0.93607
649,652,0.72406
649.2,652.2,0.49255
649.4,652.4,0.63809
649.6,652.6,0.40597
649.8,652.8,0.40246
650,653,0.5484
650.2,653.2,0.25857
650.4,653.4,0.11794
650.6,653.6,0.15257
650.8,653.8,0.35022
651,654,0.32201
651.2,654.2,0.30964
651.4,654.4,0.30088
651.6,654.6,0.46532
651.8,654.8,0.47891
652,655,0.55607
652.2,655.2,0.47252
652.4,655.4,0.37133
652.6,655.6,0.42332
652.8,655.8,0.28505
653,656,0.29829
653.2,656.2,0.42716
653.4,656.4,0.36802
653.6,656.6,0.19598
653.8,656.8,0.21893
654,657,0.20318
654.2,657.2,0.013035
654.4,657.4,0.011483
654.6,657.6,0.12139
654.8,657.8,0.10792
655,658,0.04141
655.2,658.2,0.010338
655.4,658.4,0.083576
655.6,658.6,0.085083
655.8,658.8,0.20576
656,659,0.12859
656.2,659.2,0.043757
656.4,659.4,0.18673
656.6,659.6,0.2209
656.8,659.8,0.40778
657,660,0.50975
657.2,660.2,0.53192
657.4,660.4,0.6567
657.6,660.6,0.61968
657.8,660.8,0.75114
658,661,0.67439
658.2,661.2,0.85779
658.4,661.4,0.81167
658.6,661.6,0.64908
658.8,661.8,0.51294
659,662,0.75435
659.2,662.2,0.63379
659.4,662.4,0.53552
659.6,662.6,0.60766
659.8,662.8,0.61471
660,663,0.52247
660.2,663.2,0.28495
660.4,663.4,0.36248
660.6,663.6,0.24209
660.8,663.8,0.20369
661,664,0.17415
661.2,664.2,0.11737
661.4,664.4,0.17086
661.6,664.6,0.24929
661.8,664.8,0.13313
662,665,0.085924
662.2,665.2,0.041893
662.4,665.4,0.11451
662.6,665.6,0.12158
662.8,665.8,0.1685
663,666,0.24476
663.2,666.2,0.35137
663.4,666.4,0.061451
663.6,666.6,0.15354
663.8,666.8,0.2977
664,667,0.28614
664.2,667.2,0.14836
664.4,667.4,0.17891
664.6,667.6,0.1667
664.8,667.8,0.14498
665,668,0.14364
665.2,668.2,0.11288
665.4,668.4,0.067933
665.6,668.6,0.10616
665.8,668.8,0.15353
666,669,0.27288
666.2,669.2,0.41192
666.4,669.4,0.47784
666.6,669.6,0.56236
666.8,669.8,0.64817
667,670,0.67137
667.2,670.2,0.71969
667.4,670.4,0.64401
667.6,670.6,0.69859
667.8,670.8,1.0149
668,671,0.98663
668.2,671.2,1.026
668.4,671.4,1.0651
668.6,671.6,0.79826
668.8,671.8,0.72822
669,672,0.60077
669.2,672.2,0.61876
669.4,672.4,0.49417
669.6,672.6,0.44729
669.8,672.8,0.38955
670,673,0.40592
670.2,673.2,0.38428
670.4,673.4,0.13623
670.6,673.6,0.15208
670.8,673.8,0.3242
671,674,0.17933
671.2,674.2,0.082925
671.4,674.4,0.012252
671.6,674.6,0.37945
671.8,674.8,0.33783
672,675,0.23603
672.2,675.2,0.3189
672.4,675.4,0.13475
672.6,675.6,0.028013
672.8,675.8,0.16101
673,676,0.21387
673.2,676.2,0.26139
673.4,676.4,0.32697
673.6,676.6,0.11499
673.8,676.8,0.26977
674,677,0.37185
674.2,677.2,0.61328
674.4,677.4,0.42816
674.6,677.6,0.36429
674.8,677.8,0.33986
675,678,0.23062
675.2,678.2,0.11061
675.4,678.4,0.22258
675.6,678.6,0.19051
675.8,678.8,0.10046
676,679,0.043602
676.2,679.2,0.076689
676.4,679.4,0.056331
676.6,679.6,0.18797
676.8,679.8,0.38258
677,680,0.47247
677.2,680.2,0.53529
677.4,680.4,0.63331
677.6,680.6,0.65153
677.8,680.8,0.62135
678,681,0.62149
678.2,681.2,0.59537
678.4,681.4,0.54966
678.6,681.6,0.609
678.8,681.8,0.75898
679,682,0.7857
679.2,682.2,0.92527
679.4,682.4,0.77623
679.6,682.6,0.82414
679.8,682.8,0.976
680,683,0.97188
680.2,683.2,0.94764
680.4,683.4,1.0392
680.6,683.6,0.94094
680.8,683.8,1.0735
681,684,1.1434
681.2,684.2,1.1745
681.4,684.4,0.85144
681.6,684.6,0.51223
681.8,684.8,0.69311
682,685,0.74397
682.2,685.2,0.83981
682.4,685.4,0.91671
682.6,685.6,0.6414
682.8,685.8,0.5671
683,686,0.46868
683.2,686.2,0.28978
683.4,686.4,0.32653
683.6,686.6,0.09677
683.8,686.8,0.27026
684,687,0.53058
684.2,687.2,0.79476
684.4,687.4,1.0201
684.6,687.6,1.1181
684.8,687.8,1.0612
685,688,0.72453
685.2,688.2,0.78211
685.4,688.4,0.9854
685.6,688.6,0.9128
685.8,688.8,1.0418
686,689,1.1565
686.2,689.2,1.2216
686.4,689.4,0.6281
686.6,689.6,0.42982
686.8,689.8,0.31521
687,690,0.44653
687.2,690.2,0.61202
687.4,690.4,0.83691
687.6,690.6,0.99403
687.8,690.8,1.2099
688,691,1.0154
688.2,691.2,0.86615
688.4,691.4,1.026
688.6,691.6,0.92635
688.8,691.8,0.98354
689,692,1.1214
689.2,692.2,0.88889
689.4,692.4,0.88489
689.6,692.6,0.97636
689.8,692.8,0.87525
690,693,0.92196
690.2,693.2,0.78845
690.4,693.4,0.61901
690.6,693.6,0.40793
690.8,693.8,0.35634
691,694,0.33302
691.2,694.2,0.048998
691.4,694.4,0.20734
691.6,694.6,0.084041
691.8,694.8,0.10177
692,695,0.16353
692.2,695.2,0.31738
692.4,695.4,0.18011
692.6,695.6,0.18578
692.8,695.8,0.14977
693,696,0.24669
693.2,696.2,0.38227
693.4,696.4,0.49166
693.6,696.6,0.67878
693.8,696.8,0.76476
694,697,0.96307
694.2,697.2,0.99343
694.4,697.4,1.1542
694.6,697.6,1.1074
694.8,697.8,1.1195
695,698,1.0898
695.2,698.2,0.82078
695.4,698.4,0.68178
695.6,698.6,0.68832
695.8,698.8,0.35594
696,699,0.16465
696.2,699.2,0.19915
696.4,699.4,0.02515
696.6,699.6,0.22609
696.8,699.8,0.27646
697,700,0.74757
697.2,700.2,0.89906
697.4,700.4,1.132
697.6,700.6,1.2473
697.8,700.8,1.1535
698,701,1.1923
698.2,701.2,1.1466
698.4,701.4,1.1262
698.6,701.6,1.1933
698.8,701.8,1.1194
699,702,1.0649
699.2,702.2,1.0642
699.4,702.4,1.0214
699.6,702.6,0.98961
699.8,702.8,1.0016
700,703,0.896
700.2,703.2,0.69218
700.4,703.4,0.85457
700.6,703.6,0.16945
700.8,703.8,0.063709
701,704,0.079279
701.2,704.2,0.27337
701.4,704.4,0.39617
701.6,704.6,0.36461
701.8,704.8,0.36909
702,705,0.7213
702.2,705.2,0.26397
702.4,705.4,0.26973
702.6,705.6,0.20924
702.8,705.8,0.073751
703,706,0.11606
703.2,706.2,0.20317
703.4,706.4,0.025953
703.6,706.6,0.19238
703.8,706.8,0.34545
704,707,0.61432
704.2,707.2,0.73837
704.4,707.4,0.72342
704.6,707.6,0.62619
704.8,707.8,0.73246
705,708,0.68504
705.2,708.2,0.66104
705.4,708.4,0.61748
705.6,708.6,0.63672
705.8,708.8,0.78564
706,709,0.53029
706.2,709.2,0.14053
706.4,709.4,0.34793
706.6,709.6,0.46046
706.8,709.8,0.52531
707,710,0.29852
707.2,710.2,0.56483
707.4,710.4,0.7366
707.6,710.6,0.87446
707.8,710.8,0.74454
708,711,0.54161
708.2,711.2,0.55524
708.4,711.4,0.4839
708.6,711.6,0.34391
708.8,711.8,0.3479
709,712,0.35604
709.2,712.2,0.29185
709.4,712.4,0.40193
709.6,712.6,0.46479
709.8,712.8,0.56423
710,713,0.41527
710.2,713.2,0.38206
710.4,713.4,0.43991
710.6,713.6,0.66489
710.8,713.8,0.87838
711,714,0.85937
711.2,714.2,0.86789
711.4,714.4,0.90791
711.6,714.6,1.1282
711.8,714.8,1.0406
712,715,1.0824
712.2,715.2,0.78076
712.4,715.4,0.53069
712.6,715.6,0.71547
712.8,715.8,0.34662
713,716,0.30546
713.2,716.2,0.14725
713.4,716.4,0.028335
713.6,716.6,0.40684
713.8,716.8,0.80379
714,717,1.1431
714.2,717.2,1.1845
714.4,717.4,1.0933
714.6,717.6,0.74523
714.8,717.8,0.90023
715,718,0.79606
715.2,718.2,0.8733
715.4,718.4,1.1027
715.6,718.6,0.77724
715.8,718.8,0.9372
716,719,0.93899
716.2,719.2,0.84043
716.4,719.4,0.796
716.6,719.6,0.5771
716.8,719.8,0.29098
717,720,0.26302
717.2,720.2,0.27762
717.4,720.4,0.63206
717.6,720.6,0.67276
717.8,720.8,0.8387
718,721,0.62687
718.2,721.2,0.48177
718.4,721.4,0.52483
718.6,721.6,0.5174
718.8,721.8,0.37524
719,722,0.34046
719.2,722.2,0.29302
719.4,722.4,0.28927
719.6,722.6,0.64254
719.8,722.8,0.57436
720,723,0.48516
720.2,723.2,0.33603
720.4,723.4,0.28825
720.6,723.6,0.011465
720.8,723.8,0.1308
721,724,0.10666
721.2,724.2,0.065219
721.4,724.4,0.12432
721.6,724.6,0.24998
721.8,724.8,0.21773
722,725,0.23065
722.2,725.2,0.06898
722.4,725.4,0.081377
722.6,725.6,0.32287
722.8,725.8,0.3551
723,726,0.26272
723.2,726.2,0.64645
723.4,726.4,0.73179
723.6,726.6,0.46455
723.8,726.8,0.36243
724,727,0.33478
724.2,727.2,0.60741
724.4,727.4,0.11937
724.6,727.6,0.47317
724.8,727.8,0.36399
725,728,0.078168
725.2,728.2,0.26323
725.4,728.4,0.23821
725.6,728.6,0.26505
725.8,728.8,0.27693
726,729,0.28784
726.2,729.2,0.52486
726.4,729.4,0.37947
726.6,729.6,0.25561
726.8,729.8,0.35359
727,730,0.48519
727.2,730.2,0.23226
727.4,730.4,0.77376
727.6,730.6,0.86575
727.8,730.8,0.85673
728,731,0.79098
728.2,731.2,0.60621
728.4,731.4,0.53309
728.6,731.6,0.66791
728.8,731.8,0.59298
729,732,0.4101
729.2,732.2,0.38187
729.4,732.4,0.38812
729.6,732.6,0.32907
729.8,732.8,0.32903
730,733,0.23299
730.2,733.2,0.17239
730.4,733.4,0.6623
730.6,733.6,0.69568
730.8,733.8,0.7572
731,734,0.53492
731.2,734.2,0.59933
731.4,734.4,0.84809
731.6,734.6,0.79935
731.8,734.8,0.72469
732,735,0.81814
732.2,735.2,0.7916
732.4,735.4,0.77131
732.6,735.6,0.85433
732.8,735.8,0.84581
733,736,0.66238
733.2,736.2,0.68345
733.4,736.4,0.65583
733.6,736.6,0.65436
733.8,736.8,0.69458
734,737,0.79137
734.2,737.2,0.88474
734.4,737.4,1.0943
734.6,737.6,0.99827
734.8,737.8,1.1673
735,738,1.1388
735.2,738.2,0.98819
735.4,738.4,0.78957
735.6,738.6,0.72696
735.8,738.8,0.74388
736,739,0.60059
736.2,739.2,0.71672
736.4,739.4,0.68844
736.6,739.6,0.62306
736.8,739.8,0.57651
737,740,0.37626
737.2,740.2,0.74112
737.4,740.4,0.95564
737.6,740.6,0.82344
737.8,740.8,0.86792
738,741,0.99119
738.2,741.2,1.1405
738.4,741.4,1.3223
738.6,741.6,1.1371
738.8,741.8,1.1218
739,742,0.94288
739.2,742.2,0.86715
739.4,742.4,0.79237
739.6,742.6,0.6952
739.8,742.8,0.5149
740,743,0.13647
740.2,743.2,0.13058
740.4,743.4,0.05591
740.6,743.6,0.14837
740.8,743.8,0.11111
741,744,0.35744
741.2,744.2,0.64935
741.4,744.4,0.56008
741.6,744.6,0.35109
741.8,744.8,0.39622
742,745,0.353
742.2,745.2,0.24024
742.4,745.4,0.20847
742.6,745.6,0.21878
742.8,745.8,0.23613
743,746,0.19041
743.2,746.2,0.23839
743.4,746.4,0.32776
743.6,746.6,0.45204
743.8,746.8,0.36527
744,747,0.16761
744.2,747.2,0.1131
744.4,747.4,0.23422
744.6,747.6,0.33419
744.8,747.8,0.31463
745,748,0.29066
745.2,748.2,0.31183
745.4,748.4,0.46089
745.6,748.6,0.49692
745.8,748.8,0.5208
746,749,0.30316
746.2,749.2,0.33194
746.4,749.4,0.24174
746.6,749.6,0.21749
746.8,749.8,0.27768
747,750,0.25457
747.2,750.2,0.28507
747.4,750.4,0.13247
747.6,750.6,0.11566
747.8,750.8,0.36638
748,751,0.43807
748.2,751.2,0.70232
748.4,751.4,0.73356
748.6,751.6,0.81809
748.8,751.8,0.95689
749,752,1.3809
749.2,752.2,1.4273
749.4,752.4,1.3761
749.6,752.6,1.4796
749.8,752.8,1.5337
750,753,1.5477
750.2,753.2,1.4855
750.4,753.4,1.3644
750.6,753.6,1.229
750.8,753.8,1.35
751,754,1.4156
751.2,754.2,1.2443
751.4,754.4,1.2571
751.6,754.6,1.138
751.8,754.8,0.94585
752,755,1.0749
752.2,755.2,1.2298
752.4,755.4,1.4138
752.6,755.6,1.397
752.8,755.8,1.1766
753,756,1.371
753.2,756.2,1.4973
753.4,756.4,1.4415
753.6,756.6,1.2261
753.8,756.8,0.83807
754,757,0.76054
754.2,757.2,0.71274
754.4,757.4,0.78454
754.6,757.6,0.64021
754.8,757.8,0.39863
755,758,0.3379
755.2,758.2,0.066411
755.4,758.4,0.25848
755.6,758.6,0.2222
755.8,758.8,0.43994
756,759,0.63047
756.2,759.2,0.55305
756.4,759.4,0.43019
756.6,759.6,0.43987
756.8,759.8,0.14943
757,760,0.19583
757.2,760.2,0.327
757.4,760.4,0.33046
757.6,760.6,0.14017
757.8,760.8,0.0094
758,761,0.31326
758.2,761.2,0.35523
758.4,761.4,0.31523
758.6,761.6,0.4975
758.8,761.8,0.45453
759,762,0.41192
759.2,762.2,0.53659
759.4,762.4,0.35297
759.6,762.6,0.09539
759.8,762.8,0.044115
760,763,0.16288
760.2,763.2,0.090282
760.4,763.4,0.21445
760.6,763.6,0.3677
760.8,763.8,0.50276
761,764,0.56961
761.2,764.2,0.52816
761.4,764.4,0.61176
761.6,764.6,0.67189
761.8,764.8,0.56497
762,765,0.58107
762.2,765.2,0.40993
762.4,765.4,0.23961
762.6,765.6,0.023673
762.8,765.8,0.22367
763,766,0.10363
763.2,766.2,0.056282
763.4,766.4,0.32222
763.6,766.6,0.31118
763.8,766.8,0.40751
764,767,0.41323
764.2,767.2,0.40553
764.4,767.4,0.63057
764.6,767.6,0.48294
764.8,767.8,0.35238
765,768,0.18645
765.2,768.2,0.35036
765.4,768.4,0.25707
765.6,768.6,0.26553
765.8,768.8,0.28626
766,769,0.32559
766.2,769.2,0.2623
766.4,769.4,0.43599
766.6,769.6,0.40872
766.8,769.8,0.46351
767,770,0.59916
767.2,770.2,0.90028
767.4,770.4,0.91882
767.6,770.6,1.1861
767.8,770.8,1.2618
768,771,1.3503
768.2,771.2,1.3227
768.4,771.4,1.2286
768.6,771.6,1.0627
768.8,771.8,0.94471
769,772,0.90059
769.2,772.2,0.86193
769.4,772.4,0.91644
769.6,772.6,0.97283
769.8,772.8,0.77726
770,773,0.59502
770.2,773.2,0.9939
770.4,773.4,1.0893
770.6,773.6,0.92466
770.8,773.8,0.93232
771,774,1.0717
771.2,774.2,1.1099
771.4,774.4,1.1662
771.6,774.6,1.2942
771.8,774.8,1.3428
772,775,1.4213
772.2,775.2,1.3142
772.4,775.4,1.2713
772.6,775.6,1.2778
772.8,775.8,1.3131
773,776,1.0927
773.2,776.2,0.91813
773.4,776.4,0.97038
773.6,776.6,0.78095
773.8,776.8,0.64111
774,777,0.70517
774.2,777.2,0.8577
774.4,777.4,0.62076
774.6,777.6,0.62961
774.8,777.8,0.78223
775,778,1.2029
775.2,778.2,0.987
775.4,778.4,1.1942
775.6,778.6,1.5871
775.8,778.8,1.702
776,779,1.5949
776.2,779.2,1.4661
776.4,779.4,1.3287
776.6,779.6,1.2971
776.8,779.8,1.2187
777,780,1.1654
777.2,780.2,1.1689
777.4,780.4,1.1483
777.6,780.6,0.93898
777.8,780.8,0.86642
778,781,1.0683
778.2,781.2,0.97697
778.4,781.4,0.30967
778.6,781.6,0.2264
778.8,781.8,0.30893
779,782,0.72474
779.2,782.2,1.1042
779.4,782.4,1.1834
779.6,782.6,1.1967
779.8,782.8,1.0225
780,783,1.0967
780.2,783.2,1.1435
780.4,783.4,1.3402
780.6,783.6,1.0989
780.8,783.8,1.0293
781,784,1.1787
781.2,784.2,1.3067
781.4,784.4,1.1789
781.6,784.6,1.0489
781.8,784.8,0.76815
782,785,0.10555
782.2,785.2,0.15561
782.4,785.4,0.21445
782.6,785.6,0.094256
782.8,785.8,0.23416
783,786,0.32551
783.2,786.2,0.40744
783.4,786.4,0.35926
783.6,786.6,0.64618
783.8,786.8,0.76507
784,787,0.88773
784.2,787.2,0.76338
784.4,787.4,0.92115
784.6,787.6,0.88925
784.8,787.8,0.69269
785,788,0.68415
785.2,788.2,0.63093
785.4,788.4,0.24124
785.6,788.6,0.23816
785.8,788.8,0.25406
786,789,0.19913
786.2,789.2,0.17971
786.4,789.4,0.19177
786.6,789.6,0.20459
786.8,789.8,0.20088
787,790,0.18843
787.2,790.2,0.18728
787.4,790.4,0.18393
787.6,790.6,0.18572
787.8,790.8,0.18648
788,791,0.17181
788.2,791.2,0.22007
788.4,791.4,0.23683
788.6,791.6,0.22736
788.8,791.8,0.2705
789,792,0.16549
789.2,792.2,0.37289
789.4,792.4,0.32521
789.6,792.6,0.26366
789.8,792.8,0.33528
790,793,0.36576
790.2,793.2,0.23225
790.4,793.4,0.37894
790.6,793.6,0.031618
790.8,793.8,0.16066
791,794,0.17195
791.2,794.2,0.050164
791.4,794.4,0.17899
791.6,794.6,0.028647
791.8,794.8,0.055063
792,795,0.091969
792.2,795.2,0.1286
792.4,795.4,0.26013
792.6,795.6,0.12182
792.8,795.8,0.37207
793,796,0.45933
793.2,796.2,0.35508
793.4,796.4,0.75972
793.6,796.6,0.97197
793.8,796.8,1.0438
794,797,1.0902
794.2,797.2,1.0978
794.4,797.4,1.209
794.6,797.6,1.3245
794.8,797.8,1.2832
795,798,1.281
795.2,798.2,1.3546
795.4,798.4,1.429
795.6,798.6,1.2971
795.8,798.8,1.037
796,799,1.1088
796.2,799.2,0.76661
796.4,799.4,0.30315
796.6,799.6,0.1769
796.8,799.8,0.17573
797,800,0.15367
797.2,800.2,0.12547
797.4,800.4,0.0062239
797.6,800.6,0.1075
797.8,800.8,0.23603
798,801,0.32392
798.2,801.2,0.32542
798.4,801.4,0.31743
798.6,801.6,0.51475
798.8,801.8,0.48609
799,802,0.61572
799.2,802.2,0.56417
799.4,802.4,0.8295
799.6,802.6,0.76896
799.8,802.8,0.43446
800,803,0.30988
800.2,803.2,0.26531
800.4,803.4,0.093702
800.6,803.6,0.0011866
800.8,803.8,0.23904
801,804,0.35389
801.2,804.2,0.35016
801.4,804.4,0.50994
801.6,804.6,0.35425
801.8,804.8,0.39738
802,805,0.17149
802.2,805.2,0.5808
802.4,805.4,0.28542
802.6,805.6,0.010025
802.8,805.8,0.060601
803,806,0.24256
803.2,806.2,0.44044
803.4,806.4,0.39632
803.6,806.6,0.52786
803.8,806.8,0.60695
804,807,0.66072
804.2,807.2,0.66787
804.4,807.4,0.51684
804.6,807.6,0.25926
804.8,807.8,0.31099
805,808,0.53264
805.2,808.2,0.46679
805.4,808.4,0.32623
805.6,808.6,0.27977
805.8,808.8,0.16847
806,809,0.015028
806.2,809.2,0.010211
806.4,809.4,0.10925
806.6,809.6,0.067577
806.8,809.8,0.0657
807,810,0.11134
807.2,810.2,0.10946
807.4,810.4,0.082358
807.6,810.6,0.13183
807.8,810.8,0.010525
808,811,0.11232
808.2,811.2,0.36827
808.4,811.4,0.37783
808.6,811.6,0.44626
808.8,811.8,0.38623
809,812,0.37684
809.2,812.2,0.41335
809.4,812.4,0.40031
809.6,812.6,0.4804
809.8,812.8,0.59797
810,813,0.80036
810.2,813.2,0.67157
810.4,813.4,0.72638
810.6,813.6,0.56604
810.8,813.8,0.31681
811,814,0.18354
811.2,814.2,0.040118
811.4,814.4,0.0063223
811.6,814.6,0.023982
811.8,814.8,0.026461
812,815,0.050077
812.2,815.2,0.0025865
812.4,815.4,0.063984
812.6,815.6,0.13119
812.8,815.8,0.22484
813,816,0.27463
813.2,816.2,0.2375
813.4,816.4,0.25637
813.6,816.6,0.55787
813.8,816.8,0.69668
814,817,0.85318
814.2,817.2,0.89385
814.4,817.4,1.1362
814.6,817.6,1.1335
814.8,817.8,1.0629
815,818,0.79199
815.2,818.2,0.93722
815.4,818.4,0.75337
815.6,818.6,0.61108
815.8,818.8,0.71245
816,819,0.5322
816.2,819.2,0.1324
816.4,819.4,0.074519
816.6,819.6,0.01007
816.8,819.8,0.062536
817,820,0.12224
817.2,820.2,0.25858
817.4,820.4,0.42642
817.6,820.6,0.46256
817.8,820.8,0.37319
818,821,0.44967
818.2,821.2,0.36956
818.4,821.4,0.30228
818.6,821.6,0.41981
818.8,821.8,0.32461
819,822,0.13939
819.2,822.2,0.05567
819.4,822.4,0.014205
819.6,822.6,0.026781
819.8,822.8,0.11409
820,823,0.098047
820.2,823.2,0.36924
820.4,823.4,0.55036
820.6,823.6,0.39151
820.8,823.8,0.24474
821,824,0.12373
821.2,824.2,0.080728
821.4,824.4,0.10876
821.6,824.6,0.021419
821.8,824.8,0.091648
822,825,0.015767
822.2,825.2,0.058918
822.4,825.4,0.29788
822.6,825.6,0.34527
822.8,825.8,0.23446
823,826,0.10171
823.2,826.2,0.021099
823.4,826.4,0.057773
823.6,826.6,0.16531
823.8,826.8,0.41991
824,827,0.35398
824.2,827.2,0.39731
824.4,827.4,0.048972
824.6,827.6,0.37362
824.8,827.8,0.84076
825,828,1.0255
825.2,828.2,1.0006
825.4,828.4,1.167
825.6,828.6,1.1465
825.8,828.8,0.98479
826,829,0.73225
826.2,829.2,0.62869
826.4,829.4,0.55686
826.6,829.6,0.67028
826.8,829.8,0.53855
827,830,0.33658
827.2,830.2,0.24654
827.4,830.4,0.083514
827.6,830.6,0.41372
827.8,830.8,0.73773
828,831,0.70576
828.2,831.2,0.91191
828.4,831.4,1.0003
828.6,831.6,1.045
828.8,831.8,1.0036
829,832,1.0067
829.2,832.2,0.88942
829.4,832.4,1.15
829.6,832.6,1.1852
829.8,832.8,1.1869
830,833,1.3613
830.2,833.2,1.4164
830.4,833.4,1.2242
830.6,833.6,1.2404
830.8,833.8,1.2418
831,834,0.96451
831.2,834.2,0.97257
831.4,834.4,0.76536
831.6,834.6,0.96036
831.8,834.8,0.87268
832,835,0.7628
832.2,835.2,0.70844
832.4,835.4,0.62082
832.6,835.6,0.6519
832.8,835.8,0.39413
833,836,0.55778
833.2,836.2,0.56362
833.4,836.4,0.58382
833.6,836.6,0.37394
833.8,836.8,0.42501
834,837,0.27385
834.2,837.2,0.34979
834.4,837.4,0.27029
834.6,837.6,0.43788
834.8,837.8,0.72914
835,838,0.69102
835.2,838.2,0.59478
835.4,838.4,0.63907
835.6,838.6,0.69119
835.8,838.8,0.68707
836,839,0.656
836.2,839.2,0.66149
836.4,839.4,0.58925
836.6,839.6,0.68514
836.8,839.8,0.69848
837,840,0.64543
837.2,840.2,0.71554
837.4,840.4,0.52179
837.6,840.6,0.38412
837.8,840.8,0.36903
838,841,0.44103
838.2,841.2,0.31682
838.4,841.4,0.22357
838.6,841.6,0.29709
838.8,841.8,0.41762
839,842,0.47329
839.2,842.2,0.57863
839.4,842.4,0.64422
839.6,842.6,0.78241
839.8,842.8,0.5092
840,843,0.20392
840.2,843.2,0.31717
840.4,843.4,0.3138
840.6,843.6,0.36816
840.8,843.8,0.23606
841,844,0.57481
841.2,844.2,0.58767
841.4,844.4,0.40753
841.6,844.6,0.26181
841.8,844.8,0.17524
842,845,0.19796
842.2,845.2,0.17356
842.4,845.4,0.0032959
842.6,845.6,0.12541
842.8,845.8,0.29834
843,846,0.37444
843.2,846.2,0.54433
843.4,846.4,0.42741
843.6,846.6,0.39246
843.8,846.8,0.29126
844,847,0.20329
844.2,847.2,0.24449
844.4,847.4,0.071269
844.6,847.6,0.12036
844.8,847.8,0.16466
845,848,0.33379
845.2,848.2,0.35813
845.4,848.4,0.084276
845.6,848.6,0.021474
845.8,848.8,0.21338
846,849,0.35061
846.2,849.2,0.35535
846.4,849.4,0.36516
846.6,849.6,0.35053
846.8,849.8,0.2649
847,850,0.19123
847.2,850.2,0.28954
847.4,850.4,0.39285
847.6,850.6,0.66078
847.8,850.8,0.41023
848,851,0.045461
848.2,851.2,0.17403
848.4,851.4,0.28799
848.6,851.6,0.31978
848.8,851.8,0.27527
849,852,0.31056
849.2,852.2,0.41958
849.4,852.4,0.30579
849.6,852.6,0.17693
849.8,852.8,0.28303
850,853,0.15482
850.2,853.2,0.061326
850.4,853.4,0.21171
850.6,853.6,0.022325
850.8,853.8,0.13027
851,854,0.15098
851.2,854.2,0.35712
851.4,854.4,0.32619
851.6,854.6,0.26829
851.8,854.8,0.38515
852,855,0.34208
852.2,855.2,0.15793
852.4,855.4,0.042199
852.6,855.6,0.19338
852.8,855.8,0.034035
853,856,0.18816
853.2,856.2,0.25422
853.4,856.4,0.29299
853.6,856.6,0.50034
853.8,856.8,0.48726
854,857,0.62675
854.2,857.2,0.58323
854.4,857.4,0.39636
854.6,857.6,0.49786
854.8,857.8,0.45155
855,858,0.18336
855.2,858.2,0.015958
855.4,858.4,0.28008
855.6,858.6,0.1234
855.8,858.8,0.0094952
856,859,0.13106
856.2,859.2,0.15172
856.4,859.4,0.32837
856.6,859.6,0.19966
856.8,859.8,0.054411
857,860,0.074517
857.2,860.2,0.14292
857.4,860.4,0.065915
857.6,860.6,0.12267
857.8,860.8,0.19611
858,861,0.38745
858.2,861.2,0.48945
858.4,861.4,0.63107
858.6,861.6,0.61846
858.8,861.8,0.79745
859,862,0.83474
859.2,862.2,0.82568
859.4,862.4,0.89674
859.6,862.6,0.87017
859.8,862.8,0.76363
860,863,0.958
860.2,863.2,1.1219
860.4,863.4,1.149
860.6,863.6,1.1646
860.8,863.8,1.0878
861,864,0.94211
861.2,864.2,0.77394
861.4,864.4,0.53984
861.6,864.6,0.42956
861.8,864.8,0.36038
862,865,0.3376
862.2,865.2,0.19389
862.4,865.4,0.26794
862.6,865.6,0.27214
862.8,865.8,0.23592
863,866,0.16784
863.2,866.2,0.083085
863.4,866.4,0.046551
863.6,866.6,0.075807
863.8,866.8,0.08816
864,867,0.16219
864.2,867.2,0.041332
864.4,867.4,0.068184
864.6,867.6,0.10086
864.8,867.8,0.42028
865,868,0.5404
865.2,868.2,0.74645
865.4,868.4,0.87216
865.6,868.6,0.78338
865.8,868.8,0.68377
866,869,0.54088
866.2,869.2,0.62585
866.4,869.4,0.58538
866.6,869.6,0.51365
866.8,869.8,0.46919
867,870,0.4561
867.2,870.2,0.30476
867.4,870.4,0.30587
867.6,870.6,0.11799
867.8,870.8,0.17113
868,871,0.21258
868.2,871.2,0.14078
868.4,871.4,0.074685
868.6,871.6,0.051362
868.8,871.8,0.044034
869,872,0.14884
869.2,872.2,0.37927
869.4,872.4,0.24305
869.6,872.6,0.13991
869.8,872.8,0.16222
870,873,0.084828
870.2,873.2,0.072155
870.4,873.4,0.010353
870.6,873.6,0.041897
870.8,873.8,0.069429
871,874,0.39034
871.2,874.2,0.42701
871.4,874.4,0.31258
871.6,874.6,0.10849
871.8,874.8,0.066024
872,875,0.1911
872.2,875.2,0.17992
872.4,875.4,0.083434
872.6,875.6,0.2589
872.8,875.8,0.30981
873,876,0.066721
873.2,876.2,0.0496
873.4,876.4,0.034626
873.6,876.6,0.13902
873.8,876.8,0.46831
874,877,0.59644
874.2,877.2,0.65656
874.4,877.4,0.70751
874.6,877.6,0.70804
874.8,877.8,0.76793
875,878,0.80943
875.2,878.2,0.78044
875.4,878.4,0.67937
875.6,878.6,0.74338
875.8,878.8,0.60669
876,879,0.41257
876.2,879.2,0.19719
876.4,879.4,0.327
876.6,879.6,0.08884
876.8,879.8,0.18502
877,880,0.15886
877.2,880.2,0.045857
877.4,880.4,0.021536
877.6,880.6,0.020972
877.8,880.8,0.091099
878,881,0.07375
878.2,881.2,0.041213
878.4,881.4,0.25045
878.6,881.6,0.33881
878.8,881.8,0.27207
879,882,0.12199
879.2,882.2,0.2588
879.4,882.4,0.18681
879.6,882.6,0.31413
879.8,882.8,0.29452
880,883,0.40938
880.2,883.2,0.47017
880.4,883.4,0.2764
880.6,883.6,0.12793
880.8,883.8,0.29706
881,884,0.61056
881.2,884.2,0.77232
881.4,884.4,0.92747
881.6,884.6,0.90185
881.8,884.8,0.97957
882,885,0.65514
882.2,885.2,0.67635
882.4,885.4,0.57493
882.6,885.6,0.36418
882.8,885.8,0.23343
883,886,0.26458
883.2,886.2,0.3032
883.4,886.4,0.41029
883.6,886.6,0.37558
883.8,886.8,0.055111
884,887,0.26187
884.2,887.2,0.6329
884.4,887.4,0.98257
884.6,887.6,0.77321
884.8,887.8,0.67689
885,888,0.92318
885.2,888.2,0.91407
885.4,888.4,0.69071
885.6,888.6,0.57386
885.8,888.8,0.45983
886,889,0.64164
886.2,889.2,0.72205
886.4,889.4,0.79587
886.6,889.6,0.79337
886.8,889.8,0.77553
887,890,0.96602
887.2,890.2,0.97512
887.4,890.4,1.1114
887.6,890.6,0.91081
887.8,890.8,0.73817
888,891,0.56619
888.2,891.2,0.43662
888.4,891.4,0.53764
888.6,891.6,0.41484
888.8,891.8,0.31547
889,892,0.37228
889.2,892.2,0.35999
889.4,892.4,0.52414
889.6,892.6,0.29747
889.8,892.8,0.20061
890,893,0.35763
890.2,893.2,0.41299
890.4,893.4,0.10986
890.6,893.6,0.20329
890.8,893.8,0.71473
891,894,0.6854
891.2,894.2,0.32381
891.4,894.4,0.45767
891.6,894.6,0.32649
891.8,894.8,0.273
892,895,0.20354
892.2,895.2,0.097048
892.4,895.4,0.10325
892.6,895.6,0.18073
892.8,895.8,0.54255
893,896,0.52325
893.2,896.2,0.52871
893.4,896.4,0.51411
893.6,896.6,0.37118
893.8,896.8,0.39789
894,897,0.42362
894.2,897.2,0.34444
894.4,897.4,0.21451
894.6,897.6,0.14241
894.8,897.8,0.22577
895,898,0.13704
895.2,898.2,0.38104
895.4,898.4,0.32092
895.6,898.6,0.17724
895.8,898.8,0.045802
896,899,0.083461
896.2,899.2,0.25267
896.4,899.4,0.27905
896.6,899.6,0.46647
896.8,899.8,0.73373
897,900,0.85677
897.2,900.2,0.74076
897.4,900.4,0.68399
897.6,900.6,0.77628
897.8,900.8,0.63757
898,901,0.75651
898.2,901.2,0.82581
898.4,901.4,0.92106
898.6,901.6,1.021
898.8,901.8,0.87744
899,902,0.77788
899.2,902.2,0.72201
899.4,902.4,0.49128
899.6,902.6,0.1655
899.8,902.8,0.27773
900,903,0.24361
900.2,903.2,0.30463
900.4,903.4,0.22986
900.6,903.6,0.23314
900.8,903.8,0.2173
901,904,0.37016
901.2,904.2,0.50095
901.4,904.4,0.4393
901.6,904.6,0.36469
901.8,904.8,0.39391
902,905,0.48261
902.2,905.2,0.41991
902.4,905.4,0.35698
902.6,905.6,0.37376
902.8,905.8,0.45256
903,906,0.54512
903.2,906.2,0.58992
903.4,906.4,0.74186
903.6,906.6,1.058
903.8,906.8,1.1351
904,907,1.4394
904.2,907.2,1.3759
904.4,907.4,1.3655
904.6,907.6,1.5074
904.8,907.8,1.5823
905,908,1.486
905.2,908.2,1.3352
905.4,908.4,1.3748
905.6,908.6,1.3472
905.8,908.8,1.3258
906,909,1.4272
906.2,909.2,1.4696
906.4,909.4,1.4511
906.6,909.6,1.4956
906.8,909.8,1.5476
907,910,1.6418
907.2,910.2,1.6609
907.4,910.4,1.561
907.6,910.6,1.5764
907.8,910.8,1.5549
908,911,1.6676
908.2,911.2,1.6322
908.4,911.4,1.5264
908.6,911.6,1.492
908.8,911.8,1.2091
909,912,0.73453
909.2,912.2,0.054882
909.4,912.4,0.18177
909.6,912.6,0.62766
909.8,912.8,0.88832
910,913,0.68771
910.2,913.2,0.67385
910.4,913.4,0.76711
910.6,913.6,0.69609
910.8,913.8,0.47511
911,914,0.44774
911.2,914.2,0.32077
911.4,914.4,0.24362
911.6,914.6,0.32246
911.8,914.8,0.17589
912,915,0.16753
912.2,915.2,0.18993
912.4,915.4,0.023717
912.6,915.6,0.038764
912.8,915.8,0.0050719
913,916,0.089657
913.2,916.2,0.092341
913.4,916.4,0.086318
913.6,916.6,0.25846
913.8,916.8,0.55373
914,917,0.40298
914.2,917.2,0.26063
914.4,917.4,0.30521
914.6,917.6,0.55234
914.8,917.8,0.50586
915,918,0.51594
915.2,918.2,0.83076
915.4,918.4,0.81942
915.6,918.6,0.59909
915.8,918.8,0.65011
916,919,0.57048
916.2,919.2,0.66936
916.4,919.4,0.61431
916.6,919.6,0.54472
916.8,919.8,0.75624
917,920,0.85195
917.2,920.2,0.9781
917.4,920.4,0.7388
917.6,920.6,0.88304
917.8,920.8,0.95045
918,921,0.6819
918.2,921.2,0.78081
918.4,921.4,0.78426
918.6,921.6,0.76865
918.8,921.8,0.88258
919,922,0.71307
919.2,922.2,0.61261
919.4,922.4,0.66511
919.6,922.6,0.80593
919.8,922.8,0.77136
920,923,0.87839
920.2,923.2,0.89431
920.4,923.4,0.95576
920.6,923.6,1.1283
920.8,923.8,1.2824
921,924,1.3391
921.2,924.2,1.4163
921.4,924.4,1.5063
921.6,924.6,1.3701
921.8,924.8,1.332
922,925,1.2734
922.2,925.2,1.2781
922.4,925.4,1.0566
922.6,925.6,1.1225
922.8,925.8,1.054
923,926,1.1789
923.2,926.2,0.9537
923.4,926.4,0.69089
923.6,926.6,0.11498
923.8,926.8,0.025062
924,927,0.11736
924.2,927.2,0.12091
924.4,927.4,0.069455
924.6,927.6,0.28113
924.8,927.8,0.39856
925,928,0.58123
925.2,928.2,0.65657
925.4,928.4,0.73895
925.6,928.6,0.66215
925.8,928.8,0.71069
926,929,0.70408
926.2,929.2,0.71625
926.4,929.4,0.6121
926.6,929.6,0.78527
926.8,929.8,0.67853
927,930,0.65933
927.2,930.2,0.54632
927.4,930.4,0.33167
927.6,930.6,0.18564
927.8,930.8,0.038009
928,931,0.02732
928.2,931.2,0.29662
928.4,931.4,0.46141
928.6,931.6,0.53677
928.8,931.8,0.48518
929,932,0.38111
929.2,932.2,0.5047
929.4,932.4,0.42521
929.6,932.6,0.15808
929.8,932.8,0.39489
930,933,0.4225
930.2,933.2,0.25781
930.4,933.4,0.16162
930.6,933.6,0.15284
930.8,933.8,0.11747
931,934,0.37674
931.2,934.2,0.41674
931.4,934.4,0.45623
931.6,934.6,0.41845
931.8,934.8,0.4552
932,935,0.65431
932.2,935.2,0.51158
932.4,935.4,0.44123
932.6,935.6,0.41366
932.8,935.8,0.57626
933,936,0.568
933.2,936.2,1.0499
933.4,936.4,1.008
933.6,936.6,1.0953
933.8,936.8,1.0835
934,937,1.4081
934.2,937.2,1.4048
934.4,937.4,1.3129
934.6,937.6,1.4716
934.8,937.8,1.2489
935,938,1.2642
935.2,938.2,1.0543
935.4,938.4,0.90919
935.6,938.6,0.92433
935.8,938.8,0.90219
936,939,0.52978
936.2,939.2,0.52712
936.4,939.4,0.55706
936.6,939.6,0.67353
936.8,939.8,0.49617
937,940,0.8333
937.2,940.2,0.94754
937.4,940.4,0.90131
937.6,940.6,0.96657
937.8,940.8,1.0052
938,941,0.70634
938.2,941.2,0.60618
938.4,941.4,0.53914
938.6,941.6,0.63723
938.8,941.8,0.70331
939,942,0.7215
939.2,942.2,0.68926
939.4,942.4,0.71948
939.6,942.6,0.86406
939.8,942.8,0.80493
940,943,0.60068
940.2,943.2,0.66118
940.4,943.4,0.67076
940.6,943.6,0.89351
940.8,943.8,1.3232
941,944,0.87736
941.2,944.2,0.86325
941.4,944.4,0.91677
941.6,944.6,0.90507
941.8,944.8,0.7584
942,945,0.66984
942.2,945.2,0.74288
942.4,945.4,0.65048
942.6,945.6,0.44549
942.8,945.8,0.58543
943,946,0.65663
943.2,946.2,0.52268
943.4,946.4,0.47883
943.6,946.6,0.59183
943.8,946.8,0.78456
944,947,0.78351
944.2,947.2,0.58395
944.4,947.4,0.68717
944.6,947.6,0.75772
944.8,947.8,1.089
945,948,1.0025
945.2,948.2,0.84658
945.4,948.4,0.65819
945.6,948.6,0.79585
945.8,948.8,0.70088
946,949,0.66281
946.2,949.2,0.69238
946.4,949.4,0.50916
946.6,949.6,0.43184
946.8,949.8,0.34022
947,950,0.56187
947.2,950.2,0.29337
947.4,950.4,0.62557
947.6,950.6,0.57796
947.8,950.8,0.48863
948,951,0.5127
948.2,951.2,0.59982
948.4,951.4,0.37965
948.6,951.6,0.25444
948.8,951.8,0.40313
949,952,0.39773
949.2,952.2,0.27312
949.4,952.4,0.15071
949.6,952.6,0.29571
949.8,952.8,0.15892
950,953,0.088029
950.2,953.2,0.048179
950.4,953.4,0.072153
950.6,953.6,0.024661
950.8,953.8,0.17113
951,954,0.21815
951.2,954.2,0.29071
951.4,954.4,0.39606
951.6,954.6,0.24719
951.8,954.8,0.10887
952,955,0.1491
952.2,955.2,0.0085778
952.4,955.4,0.087261
952.6,955.6,0.022526
952.8,955.8,0.17493
953,956,0.2271
953.2,956.2,0.4346
953.4,956.4,0.46606
953.6,956.6,0.59937
953.8,956.8,0.6007
954,957,0.76756
954.2,957.2,0.68883
954.4,957.4,0.81501
954.6,957.6,0.76702
954.8,957.8,0.68825
955,958,0.38935
955.2,958.2,0.15308
955.4,958.4,0.20547
955.6,958.6,0.22019
955.8,958.8,0.097594
956,959,0.0312
956.2,959.2,0.043216
956.4,959.4,0.3499
956.6,959.6,0.37218
956.8,959.8,0.31519
957,960,0.44342
957.2,960.2,0.61826
957.4,960.4,0.56817
957.6,960.6,0.50416
957.8,960.8,0.15234
958,961,0.15073
958.2,961.2,0.18199
958.4,961.4,0.084541
958.6,961.6,0.055442
958.8,961.8,0.29175
959,962,0.44475
959.2,962.2,0.42604
959.4,962.4,0.54395
959.6,962.6,0.59334
959.8,962.8,0.37885
960,963,0.4505
960.2,963.2,0.70044
960.4,963.4,0.8836
960.6,963.6,1.0258
960.8,963.8,1.22
961,964,1.1136
961.2,964.2,1.0578
961.4,964.4,0.83569
961.6,964.6,0.67857
961.8,964.8,0.42637
962,965,0.50625
962.2,965.2,0.71939
962.4,965.4,0.64853
962.6,965.6,0.81734
962.8,965.8,0.79902
963,966,0.6544
963.2,966.2,0.55218
963.4,966.4,0.56578
963.6,966.6,0.29324
963.8,966.8,0.30387
964,967,0.37455
964.2,967.2,0.35361
964.4,967.4,0.57196
964.6,967.6,0.56631
964.8,967.8,0.72008
965,968,0.23572
965.2,968.2,0.1912
965.4,968.4,0.16733
965.6,968.6,0.039909
965.8,968.8,0.012027
966,969,0.0089987
966.2,969.2,0.11335
966.4,969.4,0.10197
966.6,969.6,0.045885
966.8,969.8,0.045431
967,970,0.1585
967.2,970.2,0.29879
967.4,970.4,0.2677
967.6,970.6,0.31887
967.8,970.8,0.14082
968,971,0.011644
968.2,971.2,0.072525
968.4,971.4,0.18512
968.6,971.6,0.11278
968.8,971.8,0.27861
969,972,0.30139
969.2,972.2,0.35828
969.4,972.4,0.29874
969.6,972.6,0.5726
969.8,972.8,0.61475
970,973,0.76508
970.2,973.2,0.86026
970.4,973.4,0.84886
970.6,973.6,0.76271
970.8,973.8,0.76317
971,974,0.58886
971.2,974.2,0.56285
971.4,974.4,0.8914
971.6,974.6,0.79355
971.8,974.8,0.67013
972,975,0.39321
972.2,975.2,0.73026
972.4,975.4,0.67811
972.6,975.6,0.44182
972.8,975.8,0.26832
973,976,0.26985
973.2,976.2,0.2438
973.4,976.4,0.27455
973.6,976.6,0.41072
973.8,976.8,0.4533
974,977,0.48697
974.2,977.2,0.48323
974.4,977.4,0.42904
974.6,977.6,0.38895
974.8,977.8,0.42137
975,978,0.21531
